[
  {"filename": "10x2-Epaper-Breakout-Board-v11_breadboard"},
  {"filename": "11LC010_breadboard"},
  {"filename": "11LC020_breadboard"},
  {"filename": "11LC040_breadboard"},
  {"filename": "11LC080_breadboard"},
  {"filename": "11LC160_breadboard"},
  {"filename": "16-segment display"},
  {"filename": "24LC01_breadboard"},
  {"filename": "24LC02_breadboard"},
  {"filename": "24LC04_breadboard"},
  {"filename": "24LC08_breadboard"},
  {"filename": "24LC1025_breadboard"},
  {"filename": "24LC128_breadboard"},
  {"filename": "24LC16_breadboard"},
  {"filename": "24LC256_breadboard"},
  {"filename": "24LC32_breadboard"},
  {"filename": "24LC512_breadboard"},
  {"filename": "24LC64_breadboard"},
  {"filename": "25LC010_breadboard"},
  {"filename": "25LC020_breadboard"},
  {"filename": "25LC040_breadboard"},
  {"filename": "25LC080_breadboard"},
  {"filename": "25LC1024_breadboard"},
  {"filename": "25LC128_breadboard"},
  {"filename": "25LC160_breadboard"},
  {"filename": "25LC256_breadboard"},
  {"filename": "25LC320_breadboard"},
  {"filename": "25LC512_breadboard"},
  {"filename": "25LC640_breadboard"},
  {"filename": "3_Axis_Accelerometer_Breakout___MMA8452Q_BB"},
  {"filename": "555timerbreadboard"},
  {"filename": "5DOF-v25_breadboard"},
  {"filename": "6DOF-Digital-v10_breadboard"},
  {"filename": "7-segment display"},
  {"filename": "74HC595 Shift Reg Breakout-v11_breadboard"},
  {"filename": "74HC595"},
  {"filename": "7segment_100"},
  {"filename": "7segment_13"},
  {"filename": "7segment_20,32"},
  {"filename": "7segment_56,9"},
  {"filename": "7segment_9,9"},
  {"filename": "9DoF-Stick-v13_breadboard"},
  {"filename": "ACS712 Low Current Sensor Board v12_breadboard"},
  {"filename": "AD5206_Digital_Potentiometer__1569b6e5e5"},
  {"filename": "ad5330 breakout-v11_breadboard"},
  {"filename": "Adafruit_Atmega32u4_Breakout"},
  {"filename": "ADXL335_v13_breadboard"},
  {"filename": "ADXL345-BreakoutBoard-v13_breadboard"},
  {"filename": "AlphaNumericDisplay-v13_breadboard"},
  {"filename": "Amplified-Mic-Electret-v14_breadboard"},
  {"filename": "antenna"},
  {"filename": "Arduino Nano3_breadboard"},
  {"filename": "Arduino Voice Shield-v16_breadboard"},
  {"filename": "Arduino-Ethernet-v11_breadboard"},
  {"filename": "Arduino-Fio-v22_breadboard"},
  {"filename": "Arduino-Mini-v5_breadboard"},
  {"filename": "Arduino-Pro-Mini-v13_breadboard"},
  {"filename": "Arduino_ADK_MEGA_2560-Rev3_breadboard"},
  {"filename": "Arduino_bt07_breadboard"},
  {"filename": "Arduino_DUE_V02b_breadboard"},
  {"filename": "Arduino_Esplora_breadboard"},
  {"filename": "Arduino_Ethernet_breadboard"},
  {"filename": "Arduino_Leonardo_Rev3_breadboard"},
  {"filename": "Arduino_MEGA_2560-Rev3_breadboard"},
  {"filename": "Arduino_Micro_Rev03_breadboard"},
  {"filename": "arduino_mini_usb_adapter"},
  {"filename": "Arduino_Motor_Shield_rev3_breadboard"},
  {"filename": "Arduino_Pro_breadboard"},
  {"filename": "arduino_Uno_Rev3_breadboard"},
  {"filename": "ArduinoBluetoothMatev13_breadboard"},
  {"filename": "arduinoXbeere_breadboard"},
  {"filename": "Ardumoto v13_breadboard"},
  {"filename": "ArduPilotMega_v15_breadboard"},
  {"filename": "ATmega644c3"},
  {"filename": "atmega_breadboard_8e4b4f3e54f56b3f712afc6a8e6a8a71"},
  {"filename": "atmega_breadboard_8e4b4f3e54f56b3f712afc6a8e6a8a71328"},
  {"filename": "ATtiny85_breadboard"},
  {"filename": "audio-jack-4pin"},
  {"filename": "audiojack_breakout-v11_breadboard"},
  {"filename": "avr_isp_10_pin_breadboard"},
  {"filename": "Barometric_Pressure_Sensor__2eaec138e035"},
  {"filename": "Basic_Force_Sensing_Resistor_(FSR)__a4ff"},
  {"filename": "basic_fsr"},
  {"filename": "basic_pbutton"},
  {"filename": "basic_pbutton_2leg_horizon"},
  {"filename": "basic_photo_transistor"},
  {"filename": "BASIC_Stamp_1"},
  {"filename": "BASIC_Stamp_2"},
  {"filename": "BASIC_Stamp_2e"},
  {"filename": "BASIC_Stamp_2p24"},
  {"filename": "BASIC_Stamp_2p40"},
  {"filename": "BASIC_Stamp_2pe"},
  {"filename": "BASIC_Stamp_2px24"},
  {"filename": "BASIC_Stamp_2sx"},
  {"filename": "basic_toggle_switch"},
  {"filename": "Battery_block_9V85_leg"},
  {"filename": "batterypack_2xAA_leg"},
  {"filename": "batterypack_4xAAA"},
  {"filename": "BMP085 Breakout-v13_breadboard"},
  {"filename": "Breadboard Power Supply - SMD v13_breadboard"},
  {"filename": "breadboard"},
  {"filename": "breadboard2"},
  {"filename": "Buzzer-v15_breadboard"},
  {"filename": "canbus_shield-v12_breadboard"},
  {"filename": "capacitor_tantalum_leg"},
  {"filename": "capacitor_variable_2_legs"},
  {"filename": "capacitor_variable_3_legs"},
  {"filename": "cellular shield-v12_breadboard"},
  {"filename": "ceramic_capacitor_blue_leg"},
  {"filename": "ceramic_disk_thermistor_leg"},
  {"filename": "Color-LCD-Shield-v14_breadboard"},
  {"filename": "Color_Sensor_Breakout_ADJD_S311_breadboard"},
  {"filename": "controller_mbed"},
  {"filename": "controller_pico"},
  {"filename": "controller_wiring"},
  {"filename": "controller_wiring_mini"},
  {"filename": "controller_wiring_usb_adapter"},
  {"filename": "CRYSTAL_-_kHz_breadboard"},
  {"filename": "crystal_leg"},
  {"filename": "DB25F"},
  {"filename": "DB25M"},
  {"filename": "dc_motor_leg"},
  {"filename": "DeadOn RTC - DS3234 Breakout-v11_breadboard"},
  {"filename": "din-5_midi_connector"},
  {"filename": "diode"},
  {"filename": "DIP_Relay_D31A_breadboard"},
  {"filename": "DS1302_breadboard"},
  {"filename": "DS1307_breadboard"},
  {"filename": "Dual_VNH2SP30_Motor_Driver_breadboard"},
  {"filename": "EasyDriver_v44_breadboard"},
  {"filename": "EDGY_Analog_In_breadboard"},
  {"filename": "EDGY_motor_control"},
  {"filename": "electrolytic_capacitor_1000uF_35v_leg"},
  {"filename": "electrolytic_capacitor_220uF_35v_leg"},
  {"filename": "electrolytic_capacitor_small_leg"},
  {"filename": "Fritzing icon"},
  {"filename": "FRM010_breadboard"},
  {"filename": "FRM050_breadboard"},
  {"filename": "FTDI Basic-v13_3.3v_breadboard"},
  {"filename": "FTDI Basic-v13_breadboard"},
  {"filename": "FTDI Basic-v13_lily_breadboard"},
  {"filename": "Fuse_with_Handler_breadboard"},
  {"filename": "Gas_Sensor_Breakout-v12_breadboard"},
  {"filename": "GLCD_128x64"},
  {"filename": "gogoboard_4.043282"},
  {"filename": "GPSShield-v15_breadboard"},
  {"filename": "gs1011_breakout-v11_breadboard"},
  {"filename": "GSM-Quectel_updateTID_2_v1.3_breadboard"},
  {"filename": "h-bridge"},
  {"filename": "Half_breadboard56a"},
  {"filename": "halfBreadboard"},
  {"filename": "HCF_4067397"},
  {"filename": "HEF4094228f"},
  {"filename": "HIH-4030_Breakout-v10_breadboard"},
  {"filename": "HMC5883L_Breakout-v11_breadboard"},
  {"filename": "HMC6352-v18_breadboard"},
  {"filename": "HTSSOP28"},
  {"filename": "Humidity_and_Temperature_Sensor_RHT03_6"},
  {"filename": "Humidity_Sensor_SHT15_breadboard"},
  {"filename": "inductor_leg"},
  {"filename": "infrared proximity sensor"},
  {"filename": "IOIO-v15_breadboard"},
  {"filename": "IR_Receiver_v14_breadboard"},
  {"filename": "ISD1932 Breakout-v11_breadboard"},
  {"filename": "ITG-3200-v11_breadboard"},
  {"filename": "jlpcb-089_breadboard"},
  {"filename": "jlpcb-104_breadboard"},
  {"filename": "jlpcb-128_breadboard"},
  {"filename": "Joystick-Breakout-v11_breadboard"},
  {"filename": "Joystick_Shield-v14_breadboard"},
  {"filename": "L293D_breadboard"},
  {"filename": "L3G4200D-Breakout-v10_breadboard"},
  {"filename": "lcd-GDM1602K"},
  {"filename": "ldr"},
  {"filename": "LED-3mm-red-leg"},
  {"filename": "LED-5mm-red-leg"},
  {"filename": "led-rgb-4pin-anode-leg"},
  {"filename": "led-rgb-6pin-leg"},
  {"filename": "led-superFlux-blue"},
  {"filename": "led-superFlux-rgb"},
  {"filename": "LED_Matrix_Kingbright_TX07-11"},
  {"filename": "LED_Prolight_RGB"},
  {"filename": "LeDeuligne1.1_breadboard"},
  {"filename": "Level-Converter-v11_breadboard"},
  {"filename": "LilyPad Battery-Connect-v11_breadboard"},
  {"filename": "LilyPad Coincell-Battery-v17_breadboard"},
  {"filename": "LilyPad SimplePower-v13_breadboard"},
  {"filename": "LilyPad-Accelerometer-v17_breadboard"},
  {"filename": "LilyPad-Button-v12_breadboard"},
  {"filename": "LilyPad-Light Sensor-v13_breadboard"},
  {"filename": "LilyPad-Simple-v25_breadboard"},
  {"filename": "LilyPad-slide-switch13_breadboard"},
  {"filename": "LilyPad-Temp-v12_breadboard"},
  {"filename": "LilyPad-XBee-v15_breadboard"},
  {"filename": "LilyPad_Arduino_USB_breadboard"},
  {"filename": "LilyPad_LED-v14_breadboard"},
  {"filename": "Lilypad_PowerSupply-v18_breadboard"},
  {"filename": "LiPo-USB-Charger-v21_breadboard"},
  {"filename": "lm34"},
  {"filename": "lm35"},
  {"filename": "lm358_bread"},
  {"filename": "loudspeaker"},
  {"filename": "low_dropout_voltage_regulator_TO220_4_breadboard"},
  {"filename": "LQFP-32_breadboard"},
  {"filename": "LQFP-48_breadboard"},
  {"filename": "LSM303 breakout board-v11_breadboard"},
  {"filename": "M5450_LED_Driver_breadboard"},
  {"filename": "Mainboard-v18_breadboard"},
  {"filename": "mega2560_breadboard"},
  {"filename": "Mega_Shield-v13_breadboard"},
  {"filename": "Memoire-1.0_breadboard"},
  {"filename": "microphone"},
  {"filename": "microSD-socket"},
  {"filename": "microSD_Shield-v13_breadboard"},
  {"filename": "MIDI Music Shield-v13_breadboard"},
  {"filename": "MIDI_Shield-v13_breadboard"},
  {"filename": "miniBreadboard"},
  {"filename": "Modkit Shield-v1a_breadboard"},
  {"filename": "MonsterMoto-Shield-v12_breadboard"},
  {"filename": "mosfet_n_channel"},
  {"filename": "mosfet_p_channel"},
  {"filename": "MP3 Shield-v13_breadboard"},
  {"filename": "mp3-trigger-v22_breadboard"},
  {"filename": "NCP1400_5V_Step-Up_v11_breadboard"},
  {"filename": "Netduino"},
  {"filename": "NetduinoMini"},
  {"filename": "NetduinoPlus"},
  {"filename": "OBD-II-UART-v13_breadboard"},
  {"filename": "Op Amp Breakout-v16_breadboard"},
  {"filename": "OpenLog_breadboard"},
  {"filename": "optocoupler4n35_breadboard"},
  {"filename": "Optocoupler_TLP621_breadboard"},
  {"filename": "Parallax_Propeller"},
  {"filename": "PCF8574"},
  {"filename": "peltier_element"},
  {"filename": "PIC_16F877A_breadboard"},
  {"filename": "PICAXE_08_breadboard"},
  {"filename": "PICAXE_08M_breadboard"},
  {"filename": "PICAXE_14M_breadboard"},
  {"filename": "PICAXE_18_breadboard"},
  {"filename": "PICAXE_18A_breadboard"},
  {"filename": "PICAXE_18M_breadboard"},
  {"filename": "PICAXE_18X_breadboard"},
  {"filename": "PICAXE_20M_breadboard"},
  {"filename": "PICAXE_20X2_breadboard"},
  {"filename": "PICAXE_28_breadboard"},
  {"filename": "PICAXE_28A_breadboard"},
  {"filename": "PICAXE_28X1_breadboard"},
  {"filename": "PICAXE_28X2_3V_breadboard"},
  {"filename": "PICAXE_28X2_breadboard"},
  {"filename": "PICAXE_28X_breadboard"},
  {"filename": "PICAXE_40X1_breadboard"},
  {"filename": "PICAXE_40X2_3V_breadboard"},
  {"filename": "PICAXE_40X2_breadboard"},
  {"filename": "PICAXE_40X_breadboard"},
  {"filename": "piezo_sensor"},
  {"filename": "pot-slider"},
  {"filename": "potentiometer"},
  {"filename": "potentiometer_trimmer"},
  {"filename": "Power Screwshield 1.0a_breadboard"},
  {"filename": "power_plug"},
  {"filename": "PowerDriver-Shield-v13_breadboard"},
  {"filename": "PowerIR-v11_breadboard"},
  {"filename": "PowerSupply-Lipo-v15_breadboard"},
  {"filename": "powertransistor_npn"},
  {"filename": "powertransistor_pnp"},
  {"filename": "Proto_shield_REV3_breadboard"},
  {"filename": "proto_shield_v6MEGA_breadboard"},
  {"filename": "ProtoShield-Mini-v12_breadboard"},
  {"filename": "ProtoShield-v25_breadboard"},
  {"filename": "PWM-Shield-v12_breadboard"},
  {"filename": "QFN-20-0.4MM_breadboard"},
  {"filename": "QFN-24_breadboard"},
  {"filename": "QFN-28_breadboard"},
  {"filename": "QFN-32_breadboard"},
  {"filename": "QFN-36_breadboard"},
  {"filename": "QFN-64_breadboard"},
  {"filename": "quadstep-v12_breadboard"},
  {"filename": "raspberry_pi_rev1_breadboard"},
  {"filename": "raspberry_pi_rev2_breadboard"},
  {"filename": "RCA-Plug"},
  {"filename": "Real_Time_Clock_Module___DS1307_RTC_Brea"},
  {"filename": "reed_switch_leg"},
  {"filename": "relay_reloaded"},
  {"filename": "resistor_220"},
  {"filename": "resistor_5bands"},
  {"filename": "resonator-2pin-leg"},
  {"filename": "resonator-3pin-leg"},
  {"filename": "rfid_reader_id12"},
  {"filename": "RFID_USB_Reader-v14_breadboard"},
  {"filename": "RGB_matrix_v25_breadboard"},
  {"filename": "RJ45_TRXCOM_breadboard"},
  {"filename": "RN41-v14_breadboard"},
  {"filename": "Rotary_Encoder"},
  {"filename": "Rotoshield-1.0a_breadboard"},
  {"filename": "S1133_Si_Photodiode_BB"},
  {"filename": "screw_terminal_2_100mil_bread"},
  {"filename": "screwshield-v15_breadboard"},
  {"filename": "servo"},
  {"filename": "Shield_Eth06-PoE_breadboard"},
  {"filename": "Si470x-Eval-v11_breadboard"},
  {"filename": "SI4735 Shield-v13_breadboard"},
  {"filename": "smd_atmega168"},
  {"filename": "SN74LS14N_breadboard"},
  {"filename": "SN74LS20N_breadboard"},
  {"filename": "SN74LS21N_breadboard"},
  {"filename": "SN74LS32N_breadboard"},
  {"filename": "SO-24W_breadboard"},
  {"filename": "SO-28W_breadboard"},
  {"filename": "SO08_breadboard"},
  {"filename": "SO16_breadboard"},
  {"filename": "SO18W_breadboard"},
  {"filename": "SO20W_breadboard"},
  {"filename": "SOIC-14_breadboard"},
  {"filename": "SOIC18-W_breadboard"},
  {"filename": "solenoid"},
  {"filename": "sparkfun-analogic_msop8_breadboard"},
  {"filename": "sparkfun-analogic_qfn-24_alt2_breadboard"},
  {"filename": "sparkfun-analogic_so08-epad_breadboard"},
  {"filename": "sparkfun-analogic_so16l_breadboard"},
  {"filename": "sparkfun-analogic_sot23-5_breadboard"},
  {"filename": "sparkfun-analogic_sot23-6_breadboard"},
  {"filename": "sparkfun-analogic_tssop-16_breadboard"},
  {"filename": "sparkfun-analogic_tssop16_breadboard"},
  {"filename": "sparkfun-analogic_tssop20_breadboard"},
  {"filename": "sparkfun-analogic_tvsop-16_breadboard"},
  {"filename": "sparkfun-boards_wiz811mj_breadboard"},
  {"filename": "sparkfun-boards_xport_breadboard"},
  {"filename": "sparkfun-boards_xport_direct_module-smd_breadboard"},
  {"filename": "sparkfun-boards_xport_direct_module_breadboard"},
  {"filename": "sparkfun-connectors_1x01_offset_breadboard"},
  {"filename": "sparkfun-connectors_1x03-1mm-ra_breadboard"},
  {"filename": "sparkfun-connectors_1x04-1mm-ra_breadboard"},
  {"filename": "sparkfun-connectors_1x04-smd_breadboard"},
  {"filename": "sparkfun-connectors_1x05-1mm-ra_breadboard"},
  {"filename": "sparkfun-connectors_1x05-1mm_breadboard"},
  {"filename": "sparkfun-connectors_1x06-smd-female-v2_breadboard"},
  {"filename": "sparkfun-connectors_1x06-smd-female_breadboard"},
  {"filename": "sparkfun-connectors_1x06-smd_breadboard"},
  {"filename": "sparkfun-connectors_1x06-smd_edge_breadboard"},
  {"filename": "sparkfun-connectors_1x06_smd_straight_alt_breadboard"},
  {"filename": "sparkfun-connectors_1x06_smd_straight_breadboard"},
  {"filename": "sparkfun-connectors_1x06_smd_straight_combo_breadboard"},
  {"filename": "sparkfun-connectors_1x08_smd_alt_breadboard"},
  {"filename": "sparkfun-connectors_1x08_smd_breadboard"},
  {"filename": "sparkfun-connectors_1x08_smd_combined_breadboard"},
  {"filename": "sparkfun-connectors_1x10-2mm-smd_breadboard"},
  {"filename": "sparkfun-connectors_1x11_smd_no_holes_breadboard"},
  {"filename": "sparkfun-connectors_1x11_smd_pthcombo_breadboard"},
  {"filename": "sparkfun-connectors_1x12_machine-pin-header_lock.004_breadboard"},
  {"filename": "sparkfun-connectors_1x16_machine-pin-header_lock.004_breadboard"},
  {"filename": "sparkfun-connectors_1x40_offset_breadboard"},
  {"filename": "sparkfun-connectors_2x10_lock_breadboard"},
  {"filename": "sparkfun-connectors_2x10_lock_special_breadboard"},
  {"filename": "sparkfun-connectors_2x3-ns_breadboard"},
  {"filename": "sparkfun-connectors_2x3_breadboard"},
  {"filename": "sparkfun-connectors_2x3_lock_breadboard"},
  {"filename": "sparkfun-connectors_2x3_offset_breadboard"},
  {"filename": "sparkfun-connectors_2x5-ra_breadboard"},
  {"filename": "sparkfun-connectors_2x5-raf_breadboard"},
  {"filename": "sparkfun-connectors_2x5-shrouded_breadboard"},
  {"filename": "sparkfun-connectors_2x5-shrouded_lock_breadboard"},
  {"filename": "sparkfun-connectors_2x5-shrouded_smd_breadboard"},
  {"filename": "sparkfun-connectors_50-pin-centronics-f_breadboard"},
  {"filename": "sparkfun-connectors_50-pin-centronics-m_breadboard"},
  {"filename": "sparkfun-connectors_atx24_right_angle_breadboard"},
  {"filename": "sparkfun-connectors_audio-jack-3.5mm-smd_breadboard"},
  {"filename": "sparkfun-connectors_audio-jack_breadboard"},
  {"filename": "sparkfun-connectors_avr_icsp_breadboard"},
  {"filename": "sparkfun-connectors_avr_mini_prog_breadboard"},
  {"filename": "sparkfun-connectors_banana_conn_breadboard"},
  {"filename": "sparkfun-connectors_bc9vpc_breadboard"},
  {"filename": "sparkfun-connectors_bm08b-srss-tb_breadboard"},
  {"filename": "sparkfun-connectors_bnc_breadboard"},
  {"filename": "sparkfun-connectors_computer-peripheral-power-ra_breadboard"},
  {"filename": "sparkfun-connectors_computer-peripheral-power_breadboard"},
  {"filename": "sparkfun-connectors_db9_breadboard"},
  {"filename": "sparkfun-connectors_db9_male_breadboard"},
  {"filename": "sparkfun-connectors_din7_breadboard"},
  {"filename": "sparkfun-connectors_din_5_female_breadboard"},
  {"filename": "sparkfun-connectors_din_5_female_support_breadboard"},
  {"filename": "sparkfun-connectors_ds_touch_connector_breadboard"},
  {"filename": "sparkfun-connectors_eb-85a_breadboard"},
  {"filename": "sparkfun-connectors_em406_breadboard"},
  {"filename": "sparkfun-connectors_em408_con_breadboard"},
  {"filename": "sparkfun-connectors_f25d_breadboard"},
  {"filename": "sparkfun-connectors_f25h_breadboard"},
  {"filename": "sparkfun-connectors_f25hp_breadboard"},
  {"filename": "sparkfun-connectors_f25v_breadboard"},
  {"filename": "sparkfun-connectors_f25vb_breadboard"},
  {"filename": "sparkfun-connectors_f25vp_breadboard"},
  {"filename": "sparkfun-connectors_ffc26_breadboard"},
  {"filename": "sparkfun-connectors_ffc_16_breadboard"},
  {"filename": "sparkfun-connectors_ftdi_basic_breadboard"},
  {"filename": "sparkfun-connectors_ipod_female_connector_breadboard"},
  {"filename": "sparkfun-connectors_ipod_male_connector_breadboard"},
  {"filename": "sparkfun-connectors_jst-2-pth-kit_breadboard"},
  {"filename": "sparkfun-connectors_jst-2-pth-ns_breadboard"},
  {"filename": "sparkfun-connectors_jst-2-pth_breadboard"},
  {"filename": "sparkfun-connectors_jst-2-smd-vert_breadboard"},
  {"filename": "sparkfun-connectors_jst-2-smd_breadboard"},
  {"filename": "sparkfun-connectors_jst-3-pth_breadboard"},
  {"filename": "sparkfun-connectors_jst-3-smd_breadboard"},
  {"filename": "sparkfun-connectors_jst-4-pth_breadboard"},
  {"filename": "sparkfun-connectors_little_bits_female_breadboard"},
  {"filename": "sparkfun-connectors_little_bits_male_breadboard"},
  {"filename": "sparkfun-connectors_littlebits_breadboard"},
  {"filename": "sparkfun-connectors_luxeon-pad_breadboard"},
  {"filename": "sparkfun-connectors_m25d_breadboard"},
  {"filename": "sparkfun-connectors_m25h_breadboard"},
  {"filename": "sparkfun-connectors_m25hp_breadboard"},
  {"filename": "sparkfun-connectors_m25v_breadboard"},
  {"filename": "sparkfun-connectors_m25vb_breadboard"},
  {"filename": "sparkfun-connectors_m25vp_breadboard"},
  {"filename": "sparkfun-connectors_magjack-19938_breadboard"},
  {"filename": "sparkfun-connectors_magjack-poe_breadboard"},
  {"filename": "sparkfun-connectors_magjack_breadboard"},
  {"filename": "sparkfun-connectors_micro-b-ra-smt_breadboard"},
  {"filename": "sparkfun-connectors_micro-b-ra-th_breadboard"},
  {"filename": "sparkfun-connectors_micro-b-smt_breadboard"},
  {"filename": "sparkfun-connectors_micro-b-th_breadboard"},
  {"filename": "sparkfun-connectors_micro-sd-socket-pp_breadboard"},
  {"filename": "sparkfun-connectors_mini-din6_breadboard"},
  {"filename": "sparkfun-connectors_molex-1x2_lock_breadboard"},
  {"filename": "sparkfun-connectors_molex-1x3_lock_breadboard"},
  {"filename": "sparkfun-connectors_molex-1x4_lock_breadboard"},
  {"filename": "sparkfun-connectors_molex-1x6-ra_breadboard"},
  {"filename": "sparkfun-connectors_molex-1x6-ra_lock_breadboard"},
  {"filename": "sparkfun-connectors_molex-1x6_lock_breadboard"},
  {"filename": "sparkfun-connectors_obdii_breadboard"},
  {"filename": "sparkfun-connectors_pad-1.5x4.5_breadboard"},
  {"filename": "sparkfun-connectors_pic-icsp-mini_breadboard"},
  {"filename": "sparkfun-connectors_power_jack_combo_breadboard"},
  {"filename": "sparkfun-connectors_power_jack_pth_breadboard"},
  {"filename": "sparkfun-connectors_power_jack_pth_lock_breadboard"},
  {"filename": "sparkfun-connectors_power_jack_slot_breadboard"},
  {"filename": "sparkfun-connectors_power_jack_smd_breadboard"},
  {"filename": "sparkfun-connectors_psp_connector_breadboard"},
  {"filename": "sparkfun-connectors_psp_touch_connector_breadboard"},
  {"filename": "sparkfun-connectors_r_sw_th_breadboard"},
  {"filename": "sparkfun-connectors_rca_breadboard"},
  {"filename": "sparkfun-connectors_rca_lock_breadboard"},
  {"filename": "sparkfun-connectors_rj11-6_breadboard"},
  {"filename": "sparkfun-connectors_rj45-8_breadboard"},
  {"filename": "sparkfun-connectors_rj9_breadboard"},
  {"filename": "sparkfun-connectors_s4b-ph_breadboard"},
  {"filename": "sparkfun-connectors_screenkeymatingconnector_breadboard"},
  {"filename": "sparkfun-connectors_screwterminal-3.5mm-2_lock_breadboard"},
  {"filename": "sparkfun-connectors_screwterminal-3.5mm-3_lock.007s_breadboard"},
  {"filename": "sparkfun-connectors_screwterminal-3.5mm-4_lock_breadboard"},
  {"filename": "sparkfun-connectors_sdcard_4uconn_breadboard"},
  {"filename": "sparkfun-connectors_simholder2_breadboard"},
  {"filename": "sparkfun-connectors_simholder3_breadboard"},
  {"filename": "sparkfun-connectors_simholder_breadboard"},
  {"filename": "sparkfun-connectors_sma-edge_breadboard"},
  {"filename": "sparkfun-connectors_smartcard_breadboard"},
  {"filename": "sparkfun-connectors_smtra-256-8-6_breadboard"},
  {"filename": "sparkfun-connectors_smtso-256-et_breadboard"},
  {"filename": "sparkfun-connectors_snap-female_breadboard"},
  {"filename": "sparkfun-connectors_snap-male_breadboard"},
  {"filename": "sparkfun-connectors_springterminal-2.54mm-2_breadboard"},
  {"filename": "sparkfun-connectors_starboard_ground_breadboard"},
  {"filename": "sparkfun-connectors_starboard_ground_small2_breadboard"},
  {"filename": "sparkfun-connectors_starboard_ground_small_breadboard"},
  {"filename": "sparkfun-connectors_starboard_ground_wide_breadboard"},
  {"filename": "sparkfun-connectors_starboard_pwr_breadboard"},
  {"filename": "sparkfun-connectors_starboard_pwr_wide_breadboard"},
  {"filename": "sparkfun-connectors_stereojack2.5mm_smd_breadboard"},
  {"filename": "sparkfun-connectors_stereojack2.5mm_specia_pogopins_breadboard"},
  {"filename": "sparkfun-connectors_stereojack2.5mm_stereojack2.5mm_breadboard"},
  {"filename": "sparkfun-connectors_touch-screen_breadboard"},
  {"filename": "sparkfun-connectors_u.fl_breadboard"},
  {"filename": "sparkfun-connectors_usb-a-h_breadboard"},
  {"filename": "sparkfun-connectors_usb-a-pcb_breadboard"},
  {"filename": "sparkfun-connectors_usb-a-s-nosilk-female_breadboard"},
  {"filename": "sparkfun-connectors_usb-a-s-nosilk_breadboard"},
  {"filename": "sparkfun-connectors_usb-a-s-silk-female_breadboard"},
  {"filename": "sparkfun-connectors_usb-a-s_breadboard"},
  {"filename": "sparkfun-connectors_usb-ab-micro-smd_breadboard"},
  {"filename": "sparkfun-connectors_usb-b-pth-vertical_breadboard"},
  {"filename": "sparkfun-connectors_usb-b-pth_breadboard"},
  {"filename": "sparkfun-connectors_usb-b-smt_breadboard"},
  {"filename": "sparkfun-connectors_usb-mb-h_breadboard"},
  {"filename": "sparkfun-connectors_usb-microb_breadboard"},
  {"filename": "sparkfun-connectors_usb-minib-nostop_breadboard"},
  {"filename": "sparkfun-connectors_usb-minib-old_breadboard"},
  {"filename": "sparkfun-connectors_usb-minib_breadboard"},
  {"filename": "sparkfun-connectors_usd-socket-pp_breadboard"},
  {"filename": "sparkfun-connectors_xlr3_nc3fah2_breadboard"},
  {"filename": "sparkfun-connectors_zune_connector_male_breadboard"},
  {"filename": "sparkfun-digitalic__stn_scantool_qfn-28-s_breadboard"},
  {"filename": "sparkfun-digitalic_lcc20_breadboard"},
  {"filename": "sparkfun-digitalic_lqfp-80_breadboard"},
  {"filename": "sparkfun-digitalic_mlf32_breadboard"},
  {"filename": "sparkfun-digitalic_mlp28_breadboard"},
  {"filename": "sparkfun-digitalic_p8x32a-q44_breadboard"},
  {"filename": "sparkfun-digitalic_pic24fxxx_tqfp64_breadboard"},
  {"filename": "sparkfun-digitalic_pq208_breadboard"},
  {"filename": "sparkfun-digitalic_pqfp208_breadboard"},
  {"filename": "sparkfun-digitalic_psop-8_breadboard"},
  {"filename": "sparkfun-digitalic_qfn-24-usb_breadboard"},
  {"filename": "sparkfun-digitalic_qfn-24_alt1.pac_breadboard"},
  {"filename": "sparkfun-digitalic_qfn-24_alt2_breadboard"},
  {"filename": "sparkfun-digitalic_qfn-44-nopad_breadboard"},
  {"filename": "sparkfun-digitalic_qfn-44_breadboard"},
  {"filename": "sparkfun-digitalic_qfn20_breadboard"},
  {"filename": "sparkfun-digitalic_sc70-6_breadboard"},
  {"filename": "sparkfun-digitalic_sc70_breadboard"},
  {"filename": "sparkfun-digitalic_so-24dw_breadboard"},
  {"filename": "sparkfun-digitalic_so08wide_breadboard"},
  {"filename": "sparkfun-digitalic_soic-18_breadboard"},
  {"filename": "sparkfun-digitalic_sop-14_breadboard"},
  {"filename": "sparkfun-digitalic_sot143_breadboard"},
  {"filename": "sparkfun-digitalic_sot23-3_breadboard"},
  {"filename": "sparkfun-digitalic_sot23-5_breadboard"},
  {"filename": "sparkfun-digitalic_sot353_breadboard"},
  {"filename": "sparkfun-digitalic_sqfp-s-10x10-64-xs1_breadboard"},
  {"filename": "sparkfun-digitalic_sqfp-s-10x10-64_breadboard"},
  {"filename": "sparkfun-digitalic_ssop_20_breadboard"},
  {"filename": "sparkfun-digitalic_tqfp-100-12x12mm_breadboard"},
  {"filename": "sparkfun-digitalic_tqfp-100-14x14mm_breadboard"},
  {"filename": "sparkfun-digitalic_tqfp100_breadboard"},
  {"filename": "sparkfun-digitalic_tqfp32-08_breadboard"},
  {"filename": "sparkfun-digitalic_tqfp44_breadboard"},
  {"filename": "sparkfun-digitalic_tqfp64_14x14mm_breadboard"},
  {"filename": "sparkfun-digitalic_tqfp64_breadboard"},
  {"filename": "sparkfun-digitalic_tsop48_breadboard"},
  {"filename": "sparkfun-digitalic_tssop-24_breadboard"},
  {"filename": "sparkfun-digitalic_tssop16_breadboard"},
  {"filename": "sparkfun-digitalic_tssop28-groundpad_breadboard"},
  {"filename": "sparkfun-digitalic_tssop28_breadboard"},
  {"filename": "sparkfun-digitalic_tssop30_breadboard"},
  {"filename": "sparkfun-digitalic_tssop5_breadboard"},
  {"filename": "sparkfun-digitalic_ubw32_tqfp100_breadboard"},
  {"filename": "sparkfun-discretesemi_0402-res_breadboard"},
  {"filename": "sparkfun-discretesemi_0603-res_breadboard"},
  {"filename": "sparkfun-discretesemi_8-smd_breadboard"},
  {"filename": "sparkfun-discretesemi_cnz1120_breadboard"},
  {"filename": "sparkfun-discretesemi_dpak_breadboard"},
  {"filename": "sparkfun-discretesemi_gp1a57hr_breadboard"},
  {"filename": "sparkfun-discretesemi_msop8_breadboard"},
  {"filename": "sparkfun-discretesemi_sma-diode-kit_breadboard"},
  {"filename": "sparkfun-discretesemi_sma-diode_alt_breadboard"},
  {"filename": "sparkfun-discretesemi_sma-diode_breadboard"},
  {"filename": "sparkfun-discretesemi_smb-diode_breadboard"},
  {"filename": "sparkfun-discretesemi_sod-323_breadboard"},
  {"filename": "sparkfun-discretesemi_sod523_breadboard"},
  {"filename": "sparkfun-discretesemi_sot223_breadboard"},
  {"filename": "sparkfun-discretesemi_sot23-3_breadboard"},
  {"filename": "sparkfun-discretesemi_sot23-6_breadboard"},
  {"filename": "sparkfun-discretesemi_sot23_breadboard"},
  {"filename": "sparkfun-discretesemi_sot323_breadboard"},
  {"filename": "sparkfun-discretesemi_sot363_breadboard"},
  {"filename": "sparkfun-discretesemi_sot89_breadboard"},
  {"filename": "sparkfun-discretesemi_ssop-4_breadboard"},
  {"filename": "sparkfun-displays_7-segment-1_pth_breadboard"},
  {"filename": "sparkfun-displays_7-segment-4digit-youngsun-longpads_breadboard"},
  {"filename": "sparkfun-displays_7-segment-4digit-youngsun_breadboard"},
  {"filename": "sparkfun-displays_7-segment-4digit_breadboard"},
  {"filename": "sparkfun-displays_7-segment-4digit_longpads_for_pogobed_breadboard"},
  {"filename": "sparkfun-displays_alphanumeric_breadboard"},
  {"filename": "sparkfun-displays_lcd-16x2_breadboard"},
  {"filename": "sparkfun-displays_lcd-16x2_noholes_breadboard"},
  {"filename": "sparkfun-displays_lcd-16x2_nosilk_breadboard"},
  {"filename": "sparkfun-displays_lcd-8x2-kit_breadboard"},
  {"filename": "sparkfun-displays_lcd-8x2_breadboard"},
  {"filename": "sparkfun-displays_lcd-g12864_breadboard"},
  {"filename": "sparkfun-displays_lcd_backlight_pads_breadboard"},
  {"filename": "sparkfun-displays_lcd_cfax_breadboard"},
  {"filename": "sparkfun-displays_nokia6100_lcd_breadboard"},
  {"filename": "sparkfun-electromechanical_3362u-2_breadboard"},
  {"filename": "sparkfun-electromechanical_3362u_breadboard"},
  {"filename": "sparkfun-electromechanical_3386u_breadboard"},
  {"filename": "sparkfun-electromechanical_6400bg_heatsink_breadboard"},
  {"filename": "sparkfun-electromechanical_ayz0202_breadboard"},
  {"filename": "sparkfun-electromechanical_battcom_20mm_pth_breadboard"},
  {"filename": "sparkfun-electromechanical_battcon_12mm_breadboard"},
  {"filename": "sparkfun-electromechanical_battcon_12mm_pth_breadboard"},
  {"filename": "sparkfun-electromechanical_battcon_20mm_4legs_breadboard"},
  {"filename": "sparkfun-electromechanical_battcon_20mm_breadboard"},
  {"filename": "sparkfun-electromechanical_battcon_245mm_breadboard"},
  {"filename": "sparkfun-electromechanical_battcon_245mm_pth_breadboard"},
  {"filename": "sparkfun-electromechanical_battery-aa-kit_breadboard"},
  {"filename": "sparkfun-electromechanical_battery-aa-panel_breadboard"},
  {"filename": "sparkfun-electromechanical_battery-aa_breadboard"},
  {"filename": "sparkfun-electromechanical_battery-aaa_breadboard"},
  {"filename": "sparkfun-electromechanical_battery_20mm_pth_compact_breadboard"},
  {"filename": "sparkfun-electromechanical_battery_breadboard"},
  {"filename": "sparkfun-electromechanical_button-10mm_breadboard-female"},
  {"filename": "sparkfun-electromechanical_button-10mm_breadboard-male"},
  {"filename": "sparkfun-electromechanical_button-18mm_breadboard-female"},
  {"filename": "sparkfun-electromechanical_button-18mm_breadboard-male"},
  {"filename": "sparkfun-electromechanical_button-conductive-0.1_breadboard"},
  {"filename": "sparkfun-electromechanical_button-conductive-mini_breadboard"},
  {"filename": "sparkfun-electromechanical_button-conductive_breadboard"},
  {"filename": "sparkfun-electromechanical_buttonpad-2x2-special_breadboard"},
  {"filename": "sparkfun-electromechanical_buttonpad-2x2_breadboard"},
  {"filename": "sparkfun-electromechanical_buttonpad-2x2single-kit_breadboard"},
  {"filename": "sparkfun-electromechanical_buttonpad-2x2single_breadboard"},
  {"filename": "sparkfun-electromechanical_buttonpad-4x4-special_breadboard"},
  {"filename": "sparkfun-electromechanical_buttonpad-4x4_breadboard"},
  {"filename": "sparkfun-electromechanical_buzzer-12mm-ns-kit_breadboard"},
  {"filename": "sparkfun-electromechanical_buzzer-12mm-ns_breadboard"},
  {"filename": "sparkfun-electromechanical_buzzer-12mm_breadboard"},
  {"filename": "sparkfun-electromechanical_buzzer-ccv-kit_breadboard"},
  {"filename": "sparkfun-electromechanical_buzzer-ccv_breadboard"},
  {"filename": "sparkfun-electromechanical_buzzer-cmt1102_breadboard"},
  {"filename": "sparkfun-electromechanical_buzzer-cmt1603_breadboard"},
  {"filename": "sparkfun-electromechanical_capsense_pad_breadboard"},
  {"filename": "sparkfun-electromechanical_dipswitch-02_breadboard"},
  {"filename": "sparkfun-electromechanical_dipswitch-08_breadboard"},
  {"filename": "sparkfun-electromechanical_eg2211_breadboard"},
  {"filename": "sparkfun-electromechanical_encoder_led_2_breadboard"},
  {"filename": "sparkfun-electromechanical_encoder_led_3_breadboard"},
  {"filename": "sparkfun-electromechanical_es_breadboard"},
  {"filename": "sparkfun-electromechanical_fkit-lir2450-h_breadboard"},
  {"filename": "sparkfun-electromechanical_fkit-ribbon_connector_03_2mm_l_breadboard"},
  {"filename": "sparkfun-electromechanical_fkit-ribbon_connector_03_2mm_r_breadboard"},
  {"filename": "sparkfun-electromechanical_fkit-snap_female_breadboard"},
  {"filename": "sparkfun-electromechanical_fkit-snap_male_breadboard"},
  {"filename": "sparkfun-electromechanical_g3vm-61e1_breadboard"},
  {"filename": "sparkfun-electromechanical_gpi-152-3013_breadboard"},
  {"filename": "sparkfun-electromechanical_joystick-psp1000_breadboard"},
  {"filename": "sparkfun-electromechanical_joystick_breadboard"},
  {"filename": "sparkfun-electromechanical_joystick_mini_breadboard"},
  {"filename": "sparkfun-electromechanical_kps-1290_breadboard"},
  {"filename": "sparkfun-electromechanical_lipo-100_breadboard"},
  {"filename": "sparkfun-electromechanical_lipo-1100_breadboard"},
  {"filename": "sparkfun-electromechanical_lipo-1100mah_breadboard"},
  {"filename": "sparkfun-electromechanical_lipo-2000_breadboard"},
  {"filename": "sparkfun-electromechanical_magnet-18mm_breadboard"},
  {"filename": "sparkfun-electromechanical_ms_breadboard"},
  {"filename": "sparkfun-electromechanical_mss22_breadboard"},
  {"filename": "sparkfun-electromechanical_n35p112_breadboard"},
  {"filename": "sparkfun-electromechanical_nav_switch_breadboard"},
  {"filename": "sparkfun-electromechanical_os_breadboard"},
  {"filename": "sparkfun-electromechanical_pcb_mount_speaker_breadboard"},
  {"filename": "sparkfun-electromechanical_pot_pth_switch_breadboard"},
  {"filename": "sparkfun-electromechanical_r_sw_th_breadboard"},
  {"filename": "sparkfun-electromechanical_relay-g5q_breadboard"},
  {"filename": "sparkfun-electromechanical_relay-g5v_breadboard"},
  {"filename": "sparkfun-electromechanical_relay-jzc_breadboard"},
  {"filename": "sparkfun-electromechanical_relay-s108t02_breadboard"},
  {"filename": "sparkfun-electromechanical_relay-t9a-2_breadboard"},
  {"filename": "sparkfun-electromechanical_relay-t9a_breadboard"},
  {"filename": "sparkfun-electromechanical_stand-off-tight_breadboard"},
  {"filename": "sparkfun-electromechanical_stand-off_breadboard"},
  {"filename": "sparkfun-electromechanical_switch-4pdt-cnk_breadboard"},
  {"filename": "sparkfun-electromechanical_switch-sp3t-smd_breadboard"},
  {"filename": "sparkfun-electromechanical_switch-spdt-smd_breadboard"},
  {"filename": "sparkfun-electromechanical_switch-spdt_breadboard"},
  {"filename": "sparkfun-electromechanical_switch-spdt_kit_breadboard"},
  {"filename": "sparkfun-electromechanical_switch-spdt_lock.007s_breadboard"},
  {"filename": "sparkfun-electromechanical_switch-spst-smd-a_breadboard"},
  {"filename": "sparkfun-electromechanical_switch-spst-vertical_breadboard"},
  {"filename": "sparkfun-electromechanical_switche-dpdt_breadboard"},
  {"filename": "sparkfun-electromechanical_tactile-pth-12mm_breadboard"},
  {"filename": "sparkfun-electromechanical_tactile-pth_breadboard"},
  {"filename": "sparkfun-electromechanical_tactile-switch-1101ne_breadboard"},
  {"filename": "sparkfun-electromechanical_tactile_switch_smd-2_breadboard"},
  {"filename": "sparkfun-electromechanical_tactile_switch_smd_breadboard"},
  {"filename": "sparkfun-electromechanical_tactile_switch_tall_breadboard"},
  {"filename": "sparkfun-electromechanical_trim_pot_breadboard"},
  {"filename": "sparkfun-electromechanical_trim_pot_pth_breadboard"},
  {"filename": "sparkfun-electromechanical_trimpot-3mm-2_breadboard"},
  {"filename": "sparkfun-electromechanical_trimpot-3mm_breadboard"},
  {"filename": "sparkfun-electromechanical_trimpot-5mm_breadboard"},
  {"filename": "sparkfun-electromechanical_trimpot_pth_s3_lock_breadboard"},
  {"filename": "sparkfun-electromechanical_trimpot_tc33_breadboard"},
  {"filename": "sparkfun-electromechanical_vibe-motor-10mm_breadboard"},
  {"filename": "sparkfun-freqctrl_crystal-osc-smd-5x3_breadboard"},
  {"filename": "sparkfun-freqctrl_crystal-smd-5x3_breadboard"},
  {"filename": "sparkfun-freqctrl_crystal-smd-7.5x5.2-6pin_breadboard"},
  {"filename": "sparkfun-freqctrl_crystal-smd-7x5_breadboard"},
  {"filename": "sparkfun-freqctrl_ds3234_breadboard"},
  {"filename": "sparkfun-freqctrl_resonator-smd_breadboard"},
  {"filename": "sparkfun-freqctrl_resonator-wide-smd_breadboard"},
  {"filename": "sparkfun-freqctrl_resonator_nocap_breadboard"},
  {"filename": "sparkfun-freqctrl_sit8002_breadboard"},
  {"filename": "sparkfun-led_apa3010sf4c_breadboard"},
  {"filename": "sparkfun-led_fkit-led-1206_breadboard"},
  {"filename": "sparkfun-led_led-0603_breadboard"},
  {"filename": "sparkfun-led_led-1206_breadboard"},
  {"filename": "sparkfun-led_led-tricolor-smd_breadboard"},
  {"filename": "sparkfun-led_led10mm_breadboard"},
  {"filename": "sparkfun-led_led_bargaph_10_breadboard"},
  {"filename": "sparkfun-led_led_ring_breadboard"},
  {"filename": "sparkfun-led_lightpipe-7511_breadboard"},
  {"filename": "sparkfun-led_lte-302_breadboard"},
  {"filename": "sparkfun-led_luxeon-rebel_breadboard"},
  {"filename": "sparkfun-led_luxeon_breadboard"},
  {"filename": "sparkfun-passives_0402-cap_breadboard"},
  {"filename": "sparkfun-passives_0402-res_breadboard"},
  {"filename": "sparkfun-passives_0603-arv_breadboard"},
  {"filename": "sparkfun-passives_0603-cap_breadboard"},
  {"filename": "sparkfun-passives_0603_breadboard"},
  {"filename": "sparkfun-passives_0805_breadboard"},
  {"filename": "sparkfun-passives_1007_breadboard"},
  {"filename": "sparkfun-passives_1206_breadboard"},
  {"filename": "sparkfun-passives_1210_breadboard"},
  {"filename": "sparkfun-passives_axial-5mm_breadboard"},
  {"filename": "sparkfun-passives_b82462g_breadboard"},
  {"filename": "sparkfun-passives_c0402_breadboard"},
  {"filename": "sparkfun-passives_cdrh125_breadboard"},
  {"filename": "sparkfun-passives_cdrh2d09_breadboard"},
  {"filename": "sparkfun-passives_cdrh3d28_breadboard"},
  {"filename": "sparkfun-passives_cooper_up4b_breadboard"},
  {"filename": "sparkfun-passives_cpol-radial-1000uf-25v_breadboard"},
  {"filename": "sparkfun-passives_cpol-radial-1000uf-63v_breadboard"},
  {"filename": "sparkfun-passives_cr54-kit_breadboard"},
  {"filename": "sparkfun-passives_cr54_breadboard"},
  {"filename": "sparkfun-passives_cr75_breadboard"},
  {"filename": "sparkfun-passives_cr75_v2_breadboard"},
  {"filename": "sparkfun-passives_ctz3_breadboard"},
  {"filename": "sparkfun-passives_eia3216-kit_breadboard"},
  {"filename": "sparkfun-passives_eia3216_breadboard"},
  {"filename": "sparkfun-passives_eia3528-kit_breadboard"},
  {"filename": "sparkfun-passives_eia3528_breadboard"},
  {"filename": "sparkfun-passives_eia6032_breadboard"},
  {"filename": "sparkfun-passives_eia7343_breadboard"},
  {"filename": "sparkfun-passives_en_j2_breadboard"},
  {"filename": "sparkfun-passives_fuse_5mm_breadboard"},
  {"filename": "sparkfun-passives_gnd_connect_breadboard"},
  {"filename": "sparkfun-passives_grm43d_breadboard"},
  {"filename": "sparkfun-passives_inductor-1206_breadboard"},
  {"filename": "sparkfun-passives_nippon_f80_breadboard"},
  {"filename": "sparkfun-passives_npi75c_breadboard"},
  {"filename": "sparkfun-passives_pad.02x.02_breadboard"},
  {"filename": "sparkfun-passives_pad.03x.03_breadboard"},
  {"filename": "sparkfun-passives_pad.03x.05_breadboard"},
  {"filename": "sparkfun-passives_panasonic_c_breadboard"},
  {"filename": "sparkfun-passives_panasonic_d_breadboard"},
  {"filename": "sparkfun-passives_panasonic_e_breadboard"},
  {"filename": "sparkfun-passives_panasonic_g_breadboard"},
  {"filename": "sparkfun-passives_panasonic_h13_breadboard"},
  {"filename": "sparkfun-passives_r2010_breadboard"},
  {"filename": "sparkfun-passives_r2512_breadboard"},
  {"filename": "sparkfun-passives_rpack-sip-pth-5_breadboard"},
  {"filename": "sparkfun-passives_sj_2_breadboard"},
  {"filename": "sparkfun-passives_sj_2s-no-ns_breadboard"},
  {"filename": "sparkfun-passives_sj_2s-no_breadboard"},
  {"filename": "sparkfun-passives_sj_2s-notrace_breadboard"},
  {"filename": "sparkfun-passives_sj_2s-trace_breadboard"},
  {"filename": "sparkfun-passives_sj_2s_breadboard"},
  {"filename": "sparkfun-passives_sj_2w_breadboard"},
  {"filename": "sparkfun-passives_sj_3_breadboard"},
  {"filename": "sparkfun-passives_sj_3_paste1_2_breadboard"},
  {"filename": "sparkfun-passives_sj_3_paste2_3_breadboard"},
  {"filename": "sparkfun-passives_sru1038_breadboard"},
  {"filename": "sparkfun-passives_sru5028_breadboard"},
  {"filename": "sparkfun-passives_vishay_c_breadboard"},
  {"filename": "sparkfun-poweric_0603_breadboard"},
  {"filename": "sparkfun-poweric_14-tdfn_breadboard"},
  {"filename": "sparkfun-poweric_78xxl_breadboard"},
  {"filename": "sparkfun-poweric_8-tdfn-ep_breadboard"},
  {"filename": "sparkfun-poweric_d2pack_a_breadboard"},
  {"filename": "sparkfun-poweric_dc-dc_converter_breadboard"},
  {"filename": "sparkfun-poweric_dpak-5_breadboard"},
  {"filename": "sparkfun-poweric_dpak_breadboard"},
  {"filename": "sparkfun-poweric_drc-10_breadboard"},
  {"filename": "sparkfun-poweric_htssop28_breadboard"},
  {"filename": "sparkfun-poweric_msop-10-gndpad_breadboard"},
  {"filename": "sparkfun-poweric_msop-10_breadboard"},
  {"filename": "sparkfun-poweric_msop-8-ep_breadboard"},
  {"filename": "sparkfun-poweric_msop-8_breadboard"},
  {"filename": "sparkfun-poweric_msop8_breadboard"},
  {"filename": "sparkfun-poweric_multiwatt15_6400bgheatsink_breadboard"},
  {"filename": "sparkfun-poweric_multiwatt15_breadboard"},
  {"filename": "sparkfun-poweric_multiwatt15_yb324gheatsink_breadboard"},
  {"filename": "sparkfun-poweric_powerso20_breadboard"},
  {"filename": "sparkfun-poweric_ptc-1206_breadboard"},
  {"filename": "sparkfun-poweric_ptc_breadboard"},
  {"filename": "sparkfun-poweric_q5-dd_breadboard"},
  {"filename": "sparkfun-poweric_q5-dd_spx29300_breadboard"},
  {"filename": "sparkfun-poweric_qfn-10_pad_breadboard"},
  {"filename": "sparkfun-poweric_qfn-28-5mm_breadboard"},
  {"filename": "sparkfun-poweric_qfn16-3x3mm_breadboard"},
  {"filename": "sparkfun-poweric_qfn16-4x4_breadboard"},
  {"filename": "sparkfun-poweric_sc-70_breadboard"},
  {"filename": "sparkfun-poweric_sc70_breadboard"},
  {"filename": "sparkfun-poweric_so018_breadboard"},
  {"filename": "sparkfun-poweric_so08wide_breadboard"},
  {"filename": "sparkfun-poweric_so18l_breadboard"},
  {"filename": "sparkfun-poweric_sot223_breadboard"},
  {"filename": "sparkfun-poweric_sot23-3_breadboard"},
  {"filename": "sparkfun-poweric_sot23-5_breadboard"},
  {"filename": "sparkfun-poweric_tdfn-8_breadboard"},
  {"filename": "sparkfun-poweric_to-220-11lead_breadboard"},
  {"filename": "sparkfun-poweric_to-92_breadboard"},
  {"filename": "sparkfun-poweric_to-pmod-7_breadboard"},
  {"filename": "sparkfun-poweric_transformer_breadboard"},
  {"filename": "sparkfun-poweric_transformer_smd_breadboard"},
  {"filename": "sparkfun-poweric_tssop-16_breadboard"},
  {"filename": "sparkfun-poweric_v-reg_dpack_breadboard"},
  {"filename": "sparkfun-poweric_vnh2sp30_breadboard"},
  {"filename": "sparkfun-rf_alm-1412_breadboard"},
  {"filename": "sparkfun-rf_antenna-chip2_breadboard"},
  {"filename": "sparkfun-rf_antenna-chip3_breadboard"},
  {"filename": "sparkfun-rf_antenna-chip4_breadboard"},
  {"filename": "sparkfun-rf_antenna-chip5_breadboard"},
  {"filename": "sparkfun-rf_antenna-chip6_breadboard"},
  {"filename": "sparkfun-rf_antenna-chip_breadboard"},
  {"filename": "sparkfun-rf_balun_breadboard"},
  {"filename": "sparkfun-rf_bgb203_breadboard"},
  {"filename": "sparkfun-rf_bgb203_original_breadboard"},
  {"filename": "sparkfun-rf_blueradio_br-c40a_breadboard"},
  {"filename": "sparkfun-rf_blueradio_br-c40n_breadboard"},
  {"filename": "sparkfun-rf_bluetooth-internal-fp2_breadboard"},
  {"filename": "sparkfun-rf_bluetooth-internal-fp_breadboard"},
  {"filename": "sparkfun-rf_bluetooth-smd-fp_breadboard"},
  {"filename": "sparkfun-rf_btm182_breadboard"},
  {"filename": "sparkfun-rf_copernicus-dip_breadboard"},
  {"filename": "sparkfun-rf_copernicus_breadboard"},
  {"filename": "sparkfun-rf_em406_breadboard"},
  {"filename": "sparkfun-rf_em406_outline_breadboard"},
  {"filename": "sparkfun-rf_em408_outline_breadboard"},
  {"filename": "sparkfun-rf_emb001_breadboard"},
  {"filename": "sparkfun-rf_et312_breadboard"},
  {"filename": "sparkfun-rf_ge863_breadboard"},
  {"filename": "sparkfun-rf_ge864_breadboard"},
  {"filename": "sparkfun-rf_ge865_breadboard"},
  {"filename": "sparkfun-rf_gm862_breadboard"},
  {"filename": "sparkfun-rf_gm862_connector_breadboard"},
  {"filename": "sparkfun-rf_gp-2106_breadboard"},
  {"filename": "sparkfun-rf_gr-10_breadboard"},
  {"filename": "sparkfun-rf_gs1011mxx_breadboard"},
  {"filename": "sparkfun-rf_gs406-mating_smd____special_breadboard"},
  {"filename": "sparkfun-rf_gs406smd_breadboard"},
  {"filename": "sparkfun-rf_id-12_breadboard"},
  {"filename": "sparkfun-rf_id-12_lock_breadboard"},
  {"filename": "sparkfun-rf_id-12_smd_breadboard"},
  {"filename": "sparkfun-rf_lassen_iq_gps_breadboard"},
  {"filename": "sparkfun-rf_lga44_breadboard"},
  {"filename": "sparkfun-rf_ls20126_breadboard"},
  {"filename": "sparkfun-rf_mirf_breadboard"},
  {"filename": "sparkfun-rf_mlp-24_breadboard"},
  {"filename": "sparkfun-rf_mn5010hs_breadboard"},
  {"filename": "sparkfun-rf_ns73m_breadboard"},
  {"filename": "sparkfun-rf_qfn20_breadboard"},
  {"filename": "sparkfun-rf_rf-link_rx_breadboard"},
  {"filename": "sparkfun-rf_rf-link_tx_breadboard"},
  {"filename": "sparkfun-rf_rf24g-2x5_breadboard"},
  {"filename": "sparkfun-rf_rfm22-xxx-s2_breadboard"},
  {"filename": "sparkfun-rf_rmcm01_breadboard"},
  {"filename": "sparkfun-rf_rn-131g_breadboard"},
  {"filename": "sparkfun-rf_rn171_breadboard"},
  {"filename": "sparkfun-rf_rn41_breadboard"},
  {"filename": "sparkfun-rf_rs9110-n-11-22-short_breadboard"},
  {"filename": "sparkfun-rf_si4700_01-gm_breadboard"},
  {"filename": "sparkfun-rf_si470x_breadboard"},
  {"filename": "sparkfun-rf_sm130_breadboard"},
  {"filename": "sparkfun-rf_sm5100b_breadboard"},
  {"filename": "sparkfun-rf_sot666_breadboard"},
  {"filename": "sparkfun-rf_sup500f_breadboard"},
  {"filename": "sparkfun-rf_tfm-511_breadboard"},
  {"filename": "sparkfun-rf_trf-24g-socket_breadboard"},
  {"filename": "sparkfun-rf_venus638flpx_breadboard"},
  {"filename": "sparkfun-rf_wifly_gsx_breadboard"},
  {"filename": "sparkfun-rf_wlanmodule_breadboard"},
  {"filename": "sparkfun-rf_wt32_breadboard"},
  {"filename": "sparkfun-rf_xbee-silk_breadboard"},
  {"filename": "sparkfun-rf_xbee-smd_breadboard"},
  {"filename": "sparkfun-rf_xtend-digi-modem_breadboard"},
  {"filename": "sparkfun-rf_zg2100m_breadboard"},
  {"filename": "sparkfun-sensors_16lpcc_breadboard"},
  {"filename": "sparkfun-sensors_admp401_breadboard"},
  {"filename": "sparkfun-sensors_admp421_breadboard"},
  {"filename": "sparkfun-sensors_adns2610_breadboard"},
  {"filename": "sparkfun-sensors_adxl180_breadboard"},
  {"filename": "sparkfun-sensors_adxl193_breadboard"},
  {"filename": "sparkfun-sensors_bc-32_breadboard"},
  {"filename": "sparkfun-sensors_bmp085_breadboard"},
  {"filename": "sparkfun-sensors_camera_cmos_con_breadboard"},
  {"filename": "sparkfun-sensors_camera_cmos_plug_breadboard"},
  {"filename": "sparkfun-sensors_camera_sfv24r-2st_2_breadboard"},
  {"filename": "sparkfun-sensors_cma3000_breadboard"},
  {"filename": "sparkfun-sensors_dcm01_breadboard"},
  {"filename": "sparkfun-sensors_dfn-10_breadboard"},
  {"filename": "sparkfun-sensors_geiger_tube_breadboard"},
  {"filename": "sparkfun-sensors_hmc1041z_breadboard"},
  {"filename": "sparkfun-sensors_hmc1051z3_breadboard"},
  {"filename": "sparkfun-sensors_hmc1051z_2_breadboard"},
  {"filename": "sparkfun-sensors_hmc6042_breadboard"},
  {"filename": "sparkfun-sensors_idg300_breadboard"},
  {"filename": "sparkfun-sensors_idg500_breadboard"},
  {"filename": "sparkfun-sensors_lcc24_breadboard"},
  {"filename": "sparkfun-sensors_lcc36_breadboard"},
  {"filename": "sparkfun-sensors_lfcsp-16_breadboard"},
  {"filename": "sparkfun-sensors_lga12_breadboard"},
  {"filename": "sparkfun-sensors_lga14_breadboard"},
  {"filename": "sparkfun-sensors_lga16-3mm_breadboard"},
  {"filename": "sparkfun-sensors_lga16-4x4_breadboard"},
  {"filename": "sparkfun-sensors_lga16_breadboard"},
  {"filename": "sparkfun-sensors_lga28-4x5_breadboard"},
  {"filename": "sparkfun-sensors_lga28-5x5_breadboard"},
  {"filename": "sparkfun-sensors_lga28_breadboard"},
  {"filename": "sparkfun-sensors_lga28l_breadboard"},
  {"filename": "sparkfun-sensors_lga8_breadboard"},
  {"filename": "sparkfun-sensors_lpcc20_breadboard"},
  {"filename": "sparkfun-sensors_ltr-301_breadboard"},
  {"filename": "sparkfun-sensors_mic-9.7mm_breadboard"},
  {"filename": "sparkfun-sensors_mic_electret_smd_breadboard"},
  {"filename": "sparkfun-sensors_mlx90609_breadboard"},
  {"filename": "sparkfun-sensors_mma7260_breadboard"},
  {"filename": "sparkfun-sensors_mq-3_breadboard"},
  {"filename": "sparkfun-sensors_odfn6_breadboard"},
  {"filename": "sparkfun-sensors_odfn_breadboard"},
  {"filename": "sparkfun-sensors_os4000-t_breadboard"},
  {"filename": "sparkfun-sensors_qfn-16-_rounded0thermal-pad__breadboard"},
  {"filename": "sparkfun-sensors_qfn-16_0.5mm_breadboard"},
  {"filename": "sparkfun-sensors_qfn-16_breadboard"},
  {"filename": "sparkfun-sensors_qfn-28_6x8_breadboard"},
  {"filename": "sparkfun-sensors_qrb1114-side_breadboard"},
  {"filename": "sparkfun-sensors_qrd1114_breadboard"},
  {"filename": "sparkfun-sensors_qre1113_breadboard"},
  {"filename": "sparkfun-sensors_sc70_breadboard"},
  {"filename": "sparkfun-sensors_sca1000_breadboard"},
  {"filename": "sparkfun-sensors_sca3000_breadboard"},
  {"filename": "sparkfun-sensors_scp1000-lg_breadboard"},
  {"filename": "sparkfun-sensors_scp1000_breadboard"},
  {"filename": "sparkfun-sensors_sht1x_breadboard"},
  {"filename": "sparkfun-sensors_solarbit-12x1_breadboard"},
  {"filename": "sparkfun-sensors_sot-23-6_breadboard"},
  {"filename": "sparkfun-sensors_sot23-3_breadboard"},
  {"filename": "sparkfun-sensors_sot563_breadboard"},
  {"filename": "sparkfun-sensors_sparkfun_idg500_breadboard"},
  {"filename": "sparkfun-sensors_spm0204ud5_breadboard"},
  {"filename": "sparkfun-sensors_st-gyro_breadboard"},
  {"filename": "sparkfun-sensors_tcm8240md_breadboard"},
  {"filename": "sparkfun-sensors_temt6000-sen_breadboard"},
  {"filename": "sparkfun-sensors_to-39_breadboard"},
  {"filename": "sparkfun-sensors_to-92_breadboard"},
  {"filename": "sparkfun-sensors_touch1_breadboard"},
  {"filename": "sparkfun-sensors_touch2_breadboard"},
  {"filename": "sparkfun-sensors_tsop8523_breadboard"},
  {"filename": "sparkfun-sensors_vcnl4000_breadboard"},
  {"filename": "SSOP16_breadboard"},
  {"filename": "SSOP20_breadboard"},
  {"filename": "SSOP24_breadboard"},
  {"filename": "SSOP28DB_breadboard"},
  {"filename": "SSOP48_breadboard"},
  {"filename": "starter-poti-small_breadboard"},
  {"filename": "Stepper_Motor_Bipolar_breadboard_leg"},
  {"filename": "Stepper_Motor_Unipolar_breadboard_leg"},
  {"filename": "stereo-jack-3_5mm"},
  {"filename": "STM32F103_breadboard"},
  {"filename": "Stretch sensor"},
  {"filename": "Teensy_2.0_++_breadboard"},
  {"filename": "Teensy_2.0_breadboard"},
  {"filename": "Teensy_3.0+pads_breadboard"},
  {"filename": "Teensy_3.0_breadboard"},
  {"filename": "TEMT6000_Breakout-v12_breadboard"},
  {"filename": "Textile_analog_sensor"},
  {"filename": "Textile_potentiometer"},
  {"filename": "Textile_push_button"},
  {"filename": "thermalprinter_breadboard"},
  {"filename": "TI_Launchpad_MSP430G2.1_breadboard"},
  {"filename": "TI_Launchpad_MSP430G2_breadboard"},
  {"filename": "tilt_switch"},
  {"filename": "tinyBreadboard"},
  {"filename": "TMP102_Breakout-v11_breadboard"},
  {"filename": "tmp36"},
  {"filename": "Touch_Shield-v11_breadboard"},
  {"filename": "TQFP32-5MM_breadboard"},
  {"filename": "Trackballer-v12_breadboard"},
  {"filename": "transistor_npn"},
  {"filename": "transistor_pnp"},
  {"filename": "triac"},
  {"filename": "Tricolor-LED v16_breadboard"},
  {"filename": "tsop312_breadboard"},
  {"filename": "ULN2003A_breadboard"},
  {"filename": "ULN2803A_breadboard"},
  {"filename": "uM_FPUv2_breadboard"},
  {"filename": "uM_FPUv3_breadboard"},
  {"filename": "usb_connector"},
  {"filename": "USBHostShield-v13_breadboard"},
  {"filename": "varistor"},
  {"filename": "voltage_regulator_vreg"},
  {"filename": "WiFly_Shield-v17_breadboard"},
  {"filename": "Wireless_SD_v3_breadboard"},
  {"filename": "Wiring_Sa99"},
  {"filename": "WIZ820io_breadboard"},
  {"filename": "XBee-Regulated-v12_breadboard"},
  {"filename": "xbee"},
  {"filename": "xbeeshield-v13_breadboard"}
]