[
  {"filename": "10x2-Epaper-Breakout-Board-v11_schematic"},
  {"filename": "11LC010_schematic"},
  {"filename": "11LC020_schematic"},
  {"filename": "11LC040_schematic"},
  {"filename": "11LC080_schematic"},
  {"filename": "11LC160_schematic"},
  {"filename": "16-segment display"},
  {"filename": "24LC01_schematic"},
  {"filename": "24LC02_schematic"},
  {"filename": "24LC04_schematic"},
  {"filename": "24LC08_schematic"},
  {"filename": "24LC1025_schematic"},
  {"filename": "24LC128_schematic"},
  {"filename": "24LC16_schematic"},
  {"filename": "24LC256_schematic"},
  {"filename": "24LC32_schematic"},
  {"filename": "24LC512_schematic"},
  {"filename": "24LC64_schematic"},
  {"filename": "25LC010_schematic"},
  {"filename": "25LC020_schematic"},
  {"filename": "25LC040_schematic"},
  {"filename": "25LC080_schematic"},
  {"filename": "25LC1024_schematic"},
  {"filename": "25LC128_schematic"},
  {"filename": "25LC160_schematic"},
  {"filename": "25LC256_schematic"},
  {"filename": "25LC320_schematic"},
  {"filename": "25LC512_schematic"},
  {"filename": "25LC640_schematic"},
  {"filename": "3_Axis_Accelerometer_Breakout___MMA8452Q_Sch"},
  {"filename": "555timerschematic"},
  {"filename": "5DOF-v25_schematic"},
  {"filename": "6DOF-Digital-v10_schematic"},
  {"filename": "7-segment display"},
  {"filename": "74HC595 Shift Reg Breakout-v11_schematic"},
  {"filename": "74HC595"},
  {"filename": "7segment_100_an"},
  {"filename": "7segment_100_cat"},
  {"filename": "7segment_13_an"},
  {"filename": "7segment_13_cat"},
  {"filename": "7segment_20,32_an"},
  {"filename": "7segment_20,32_cat"},
  {"filename": "7segment_56,9_an"},
  {"filename": "7segment_56,9_cat"},
  {"filename": "7segment_9,9_an"},
  {"filename": "7segment_9,9_cat"},
  {"filename": "9DoF-Stick-v13_schematic"},
  {"filename": "acpower"},
  {"filename": "ACS712 Low Current Sensor Board v12_schematic"},
  {"filename": "AD5206_Digital_Potentiometer__1569b6e5e5"},
  {"filename": "ad5330 breakout-v11_schematic"},
  {"filename": "Adafruit_Atmega32u4_Breakout"},
  {"filename": "ADXL335_v13_schematic"},
  {"filename": "ADXL345-BreakoutBoard-v13_schematic"},
  {"filename": "AlphaNumericDisplay-v13_schematic"},
  {"filename": "Amplified-Mic-Electret-v14_schematic"},
  {"filename": "antenna"},
  {"filename": "Arduino Nano3_schematic"},
  {"filename": "Arduino Voice Shield-v16_schematic"},
  {"filename": "Arduino-Ethernet-v11_schematic"},
  {"filename": "Arduino-Fio-v22_schematic"},
  {"filename": "Arduino-Mini-v5_schematic"},
  {"filename": "Arduino-Pro-Mini-v13_schematic"},
  {"filename": "Arduino_ADK_MEGA_2560-Rev3_schematic"},
  {"filename": "Arduino_bt07_schematic"},
  {"filename": "Arduino_DUE_V02b_schematic"},
  {"filename": "Arduino_Esplora_schematic"},
  {"filename": "Arduino_Ethernet_schematic"},
  {"filename": "Arduino_Leonardo_Rev3_schematic"},
  {"filename": "Arduino_MEGA_2560-Rev3_schematic"},
  {"filename": "Arduino_Micro_Rev03_schematic"},
  {"filename": "Arduino_Motor_Shield_rev3_schematic"},
  {"filename": "Arduino_Pro_schematic"},
  {"filename": "arduino_Uno_Rev3-02-TH_schematic"},
  {"filename": "arduino_Uno_Rev3_schematic"},
  {"filename": "ArduinoBluetoothMatev13_schematic"},
  {"filename": "arduinoXbeere_schematic"},
  {"filename": "Ardumoto v13_schematic"},
  {"filename": "ArduPilotMega_v15_schematic"},
  {"filename": "atmega168_32pol"},
  {"filename": "ATmega644c3"},
  {"filename": "atmega_schematic_8e4b4f3e54f56b3f712afc6a8e6a8a71"},
  {"filename": "atmega_schematic_8e4b4f3e54f56b3f712afc6a8e6a8a71328"},
  {"filename": "ATtiny85_schematic"},
  {"filename": "audio-jack-4pin"},
  {"filename": "audiojack_breakout-v11_schematic"},
  {"filename": "avr_isp_10_pin_schematic"},
  {"filename": "Barometric_Pressure_Sensor__2eaec138e035"},
  {"filename": "basic_fsr"},
  {"filename": "basic_poti"},
  {"filename": "BASIC_Stamp_1"},
  {"filename": "BASIC_Stamp_2"},
  {"filename": "BASIC_Stamp_2e"},
  {"filename": "BASIC_Stamp_2p24"},
  {"filename": "BASIC_Stamp_2p40"},
  {"filename": "BASIC_Stamp_2pe"},
  {"filename": "BASIC_Stamp_2px24"},
  {"filename": "BASIC_Stamp_2sx"},
  {"filename": "basic_transistor_npn"},
  {"filename": "basic_transistor_pnp"},
  {"filename": "Battery_block_9V82"},
  {"filename": "BMP085 Breakout-v13_schematic"},
  {"filename": "Breadboard Power Supply - SMD v13_schematic"},
  {"filename": "Buzzer-v15_schematic"},
  {"filename": "canbus_shield-v12_schematic"},
  {"filename": "capacitor"},
  {"filename": "capacitor_polar"},
  {"filename": "capacitor_variable_2_legs"},
  {"filename": "capacitor_variable_3_legs"},
  {"filename": "cellular shield-v12_schematic"},
  {"filename": "Color-LCD-Shield-v14_schematic"},
  {"filename": "Color_Sensor_Breakout_ADJD_S311_schematic"},
  {"filename": "controller_arduino_mini_usb_adapter_schematic"},
  {"filename": "controller_mbed"},
  {"filename": "controller_pico"},
  {"filename": "controller_wiring"},
  {"filename": "controller_wiring_usb_adapter"},
  {"filename": "controller_wiringmini"},
  {"filename": "crystal"},
  {"filename": "DB25F"},
  {"filename": "DB25M"},
  {"filename": "dc_motor"},
  {"filename": "dc_powersupply"},
  {"filename": "dcpower"},
  {"filename": "DeadOn RTC - DS3234 Breakout-v11_schematic"},
  {"filename": "din-5_midi_connector"},
  {"filename": "diode"},
  {"filename": "diode_photo"},
  {"filename": "diode_schottky"},
  {"filename": "diode_tunnel"},
  {"filename": "diode_zener"},
  {"filename": "DIP_Relay_D31A_schematic"},
  {"filename": "DS1302_schematic"},
  {"filename": "DS1307_schematic"},
  {"filename": "Dual_VNH2SP30_Motor_Driver_schematic"},
  {"filename": "EasyDriver_v44_schematic"},
  {"filename": "EDGY_Analog_In_schematic"},
  {"filename": "EDGY_motor_control"},
  {"filename": "fet_n"},
  {"filename": "fet_p"},
  {"filename": "Fritzing icon"},
  {"filename": "FRM010_schematic"},
  {"filename": "FRM050_schematic"},
  {"filename": "FTDI Basic-v13_3.3v_schematic"},
  {"filename": "FTDI Basic-v13_lily_schematic"},
  {"filename": "FTDI Basic-v13_schematic"},
  {"filename": "Fuse_with_Handler_schematic"},
  {"filename": "Gas_Sensor_Breakout-v12_schematic"},
  {"filename": "GLCD_128x64"},
  {"filename": "gogoboard_4.043282"},
  {"filename": "GPSShield-v15_schematic"},
  {"filename": "gs1011_breakout-v11_schematic"},
  {"filename": "GSM-Quectel_updateTID_2_v1.3_schematic"},
  {"filename": "h-bridge_schematic"},
  {"filename": "HCF_406703c"},
  {"filename": "HEF4094228f"},
  {"filename": "HIH-4030_Breakout-v10_schematic"},
  {"filename": "HMC5883L_Breakout-v11_schematic"},
  {"filename": "HMC6352-v18_schematic"},
  {"filename": "HTSSOP28"},
  {"filename": "Humidity_and_Temperature_Sensor_RHT03_6"},
  {"filename": "Humidity_Sensor_SHT15_schematic"},
  {"filename": "inductor"},
  {"filename": "infrared proximity sensor"},
  {"filename": "IOIO-v15_schematic"},
  {"filename": "IR_Receiver_v14_schematic"},
  {"filename": "ISD1932 Breakout-v11_schematic"},
  {"filename": "ITG-3200-v11_schematic"},
  {"filename": "jlpcb-089_schematic"},
  {"filename": "jlpcb-104_schematic"},
  {"filename": "jlpcb-128_schematic"},
  {"filename": "Joystick-Breakout-v11_schematic"},
  {"filename": "Joystick_Shield-v14_schematic"},
  {"filename": "L293D_schematic"},
  {"filename": "L3G4200D-Breakout-v10_schematic"},
  {"filename": "lcd-GDM1602K"},
  {"filename": "ldr"},
  {"filename": "led-rgb-4pin-anode"},
  {"filename": "led-rgb-4pin-cathode"},
  {"filename": "led-rgb-6pin"},
  {"filename": "led-SuperFlux"},
  {"filename": "led"},
  {"filename": "LED_Matrix_Kingbright_TA07-11"},
  {"filename": "LED_Matrix_Kingbright_TC07-11"},
  {"filename": "LED_Prolight_RGB"},
  {"filename": "LeDeuligne1.1_schematic"},
  {"filename": "Level-Converter-v11_schematic"},
  {"filename": "LilyPad Battery-Connect-v11_schematic"},
  {"filename": "LilyPad Coincell-Battery-v17_schematic"},
  {"filename": "LilyPad SimplePower-v13_schematic"},
  {"filename": "LilyPad-Accelerometer-v17_schematic"},
  {"filename": "LilyPad-Button-v12_schematic"},
  {"filename": "LilyPad-Light Sensor-v13_schematic"},
  {"filename": "LilyPad-Simple-v25_schematic"},
  {"filename": "LilyPad-slide-switch13_schematic"},
  {"filename": "LilyPad-Temp-v12_schematic"},
  {"filename": "LilyPad-XBee-v15_schematic"},
  {"filename": "LilyPad_Arduino_USB_schematic"},
  {"filename": "LilyPad_LED-v14_schematic"},
  {"filename": "Lilypad_PowerSupply-v18_schematic"},
  {"filename": "LiPo-USB-Charger-v21_schematic"},
  {"filename": "lm34_schem"},
  {"filename": "lm358_schematic"},
  {"filename": "lm35_schem"},
  {"filename": "loudspeaker"},
  {"filename": "low_dropout_voltage_regulator_TO220_4_schematic"},
  {"filename": "LQFP-32_schematic"},
  {"filename": "LQFP-48_schematic"},
  {"filename": "LSM303 breakout board-v11_schematic"},
  {"filename": "M5450_LED_Driver_schematic"},
  {"filename": "Mainboard-v18_schematic"},
  {"filename": "mega2560_schematic"},
  {"filename": "Mega_Shield-v13_schematic"},
  {"filename": "Memoire-1.0_schematic"},
  {"filename": "microphone"},
  {"filename": "microSD-socket"},
  {"filename": "microSD_Shield-v13_schematic"},
  {"filename": "MIDI Music Shield-v13_schematic"},
  {"filename": "MIDI_Shield-v13_schematic"},
  {"filename": "Modkit Shield-v1a_schematic"},
  {"filename": "MonsterMoto-Shield-v12_schematic"},
  {"filename": "MP3 Shield-v13_schematic"},
  {"filename": "mp3-trigger-v22_schematic"},
  {"filename": "NCP1400_5V_Step-Up_v11_schematic"},
  {"filename": "Netduino"},
  {"filename": "NetduinoMini"},
  {"filename": "OBD-II-UART-v13_schematic"},
  {"filename": "Op Amp Breakout-v16_schematic"},
  {"filename": "OpenLog_schematic"},
  {"filename": "optocoupler4n35_schematic"},
  {"filename": "Optocoupler_TLP621_schematic"},
  {"filename": "Parallax_Propeller"},
  {"filename": "PCF8574"},
  {"filename": "peltier_element"},
  {"filename": "PIC_16F877A_schematic"},
  {"filename": "PICAXE_08_schematic"},
  {"filename": "PICAXE_08M_schematic"},
  {"filename": "PICAXE_14M_schematic"},
  {"filename": "PICAXE_18_schematic"},
  {"filename": "PICAXE_18A_schematic"},
  {"filename": "PICAXE_18M_schematic"},
  {"filename": "PICAXE_18X_schematic"},
  {"filename": "PICAXE_20M_schematic"},
  {"filename": "PICAXE_20X2_schematic"},
  {"filename": "PICAXE_28_schematic"},
  {"filename": "PICAXE_28A_schematic"},
  {"filename": "PICAXE_28X1_schematic"},
  {"filename": "PICAXE_28X2_3V_schematic"},
  {"filename": "PICAXE_28X2_schematic"},
  {"filename": "PICAXE_28X_schematic"},
  {"filename": "PICAXE_40X1_schematic"},
  {"filename": "PICAXE_40X2_3V_schematic"},
  {"filename": "PICAXE_40X2_schematic"},
  {"filename": "PICAXE_40X_schematic"},
  {"filename": "piezo_sensor"},
  {"filename": "Power Screwshield 1.0a_schematic"},
  {"filename": "power_plug"},
  {"filename": "PowerDriver-Shield-v13_schematic"},
  {"filename": "PowerIR-v11_schematic"},
  {"filename": "PowerSupply-Lipo-v15_schematic"},
  {"filename": "Proto_shield_REV3_schematic"},
  {"filename": "proto_shield_v6MEGA_schematic"},
  {"filename": "ProtoShield-Mini-v12_schematic"},
  {"filename": "ProtoShield-v25_schematic"},
  {"filename": "pushbutton"},
  {"filename": "pushbutton4lead"},
  {"filename": "PWM-Shield-v12_schematic"},
  {"filename": "QFN-20-0.4MM_schematic"},
  {"filename": "QFN-24_schematic"},
  {"filename": "QFN-28_schematic"},
  {"filename": "QFN-32_schematic"},
  {"filename": "QFN-36_schematic"},
  {"filename": "QFN-64_schematic"},
  {"filename": "quadstep-v12_schematic"},
  {"filename": "raspberry_pi_rev1_schematic"},
  {"filename": "raspberry_pi_rev2_schematic"},
  {"filename": "Real_Time_Clock_Module___DS1307_RTC_Brea"},
  {"filename": "reed_switch"},
  {"filename": "relay"},
  {"filename": "resistor"},
  {"filename": "resonator-3pin"},
  {"filename": "rfid_reader_id12"},
  {"filename": "RFID_USB_Reader-v14_schematic"},
  {"filename": "RGB_matrix_v25_schematic"},
  {"filename": "RJ45_TRXCOM_schematic"},
  {"filename": "RN41-v14_schematic"},
  {"filename": "Rotary_Encoder"},
  {"filename": "Rotoshield-1.0a_schematic"},
  {"filename": "S1133_Si_Photodiode_Sch"},
  {"filename": "schematic-arduino-lilypad"},
  {"filename": "screw_terminal_2_100mil_schem"},
  {"filename": "screwshield-v15_schematic"},
  {"filename": "servo_schematic"},
  {"filename": "Shield_Eth06-PoE_schematic"},
  {"filename": "Si470x-Eval-v11_schematic"},
  {"filename": "SI4735 Shield-v13_schematic"},
  {"filename": "SN74LS14N_schematic"},
  {"filename": "SN74LS20N_schematic"},
  {"filename": "SN74LS21N_schematic"},
  {"filename": "SN74LS32N_schematic"},
  {"filename": "SO-24W_schematic"},
  {"filename": "SO-28W_schematic"},
  {"filename": "SO08_schematic"},
  {"filename": "SO16_schematic"},
  {"filename": "SO18W_schematic"},
  {"filename": "SO20W_schematic"},
  {"filename": "SOIC-14_schematic"},
  {"filename": "SOIC18-W_schematic"},
  {"filename": "solenoid"},
  {"filename": "sparkfun-analogic_556_timer_dual_schematic"},
  {"filename": "sparkfun-analogic_74hc4051_mux_schematic"},
  {"filename": "sparkfun-analogic_74hc4052_schematic"},
  {"filename": "sparkfun-analogic_74vhc4052_analog_mux_schematic"},
  {"filename": "sparkfun-analogic_acs712_schematic"},
  {"filename": "sparkfun-analogic_ad5330_schematic"},
  {"filename": "sparkfun-analogic_ad725_schematic"},
  {"filename": "sparkfun-analogic_ad7302_schematic"},
  {"filename": "sparkfun-analogic_ad7745_schematic"},
  {"filename": "sparkfun-analogic_ad7781_schematic"},
  {"filename": "sparkfun-analogic_ad9835_schematic"},
  {"filename": "sparkfun-analogic_as3400_schematic"},
  {"filename": "sparkfun-analogic_cd74hc4067_schematic"},
  {"filename": "sparkfun-analogic_ht8950_schematic"},
  {"filename": "sparkfun-analogic_lmv324_mix_3_schematic"},
  {"filename": "sparkfun-analogic_lt1014_mix_5_schematic"},
  {"filename": "sparkfun-analogic_ltc6244_mix_7_schematic"},
  {"filename": "sparkfun-analogic_max323_schematic"},
  {"filename": "sparkfun-analogic_max6675_schematic"},
  {"filename": "sparkfun-analogic_mcp41xxx_schematic"},
  {"filename": "sparkfun-analogic_mcp42xxx_schematic"},
  {"filename": "sparkfun-analogic_mcp4725_schematic"},
  {"filename": "sparkfun-analogic_msgeq7_schematic"},
  {"filename": "sparkfun-analogic_ne555_schematic"},
  {"filename": "sparkfun-analogic_op-amp_--1_mix_0_schematic"},
  {"filename": "sparkfun-analogic_op-amp_-_mix_1_schematic"},
  {"filename": "sparkfun-analogic_op-amp_-_mix_2_schematic"},
  {"filename": "sparkfun-analogic_op-amp_-_mix_6_schematic"},
  {"filename": "sparkfun-analogic_op-amp_-_schematic"},
  {"filename": "sparkfun-analogic_op-amp_-full_schematic"},
  {"filename": "sparkfun-analogic_opamp_2_mix_4_schematic"},
  {"filename": "sparkfun-analogic_pcm1803a_schematic"},
  {"filename": "sparkfun-analogic_sn74lv4052apwr_schematic"},
  {"filename": "sparkfun-analogic_ts3a5017_schematic"},
  {"filename": "sparkfun-analogic_tvp5150-ntsc_decoder-1_schematic"},
  {"filename": "sparkfun-analogic_x9015_digi_pot_schematic"},
  {"filename": "sparkfun-boards_wiz811mj_schematic"},
  {"filename": "sparkfun-boards_xport_direct_schematic"},
  {"filename": "sparkfun-boards_xport_schematic"},
  {"filename": "sparkfun-connectors_50-pin-centronics_schematic"},
  {"filename": "sparkfun-connectors_atx24-1_schematic"},
  {"filename": "sparkfun-connectors_audio-jack2_schematic"},
  {"filename": "sparkfun-connectors_audio-jack_schematic"},
  {"filename": "sparkfun-connectors_avr_mini_programmer_schematic"},
  {"filename": "sparkfun-connectors_avr_spi_programmer-1_schematic"},
  {"filename": "sparkfun-connectors_avr_spi_programmer_6_schematic"},
  {"filename": "sparkfun-connectors_avr_spi_programmer_schematic"},
  {"filename": "sparkfun-connectors_banana_conn_schematic"},
  {"filename": "sparkfun-connectors_bc9vpc_schematic"},
  {"filename": "sparkfun-connectors_bnc_schematic"},
  {"filename": "sparkfun-connectors_computer-peripheral-power_schematic"},
  {"filename": "sparkfun-connectors_db25_schematic"},
  {"filename": "sparkfun-connectors_dil-28-3_schematic"},
  {"filename": "sparkfun-connectors_dil-40-6_schematic"},
  {"filename": "sparkfun-connectors_din7_schematic"},
  {"filename": "sparkfun-connectors_ds_touch_connector_schematic"},
  {"filename": "sparkfun-connectors_eb-85a_schematic"},
  {"filename": "sparkfun-connectors_em406_schematic"},
  {"filename": "sparkfun-connectors_em408_con_schematic"},
  {"filename": "sparkfun-connectors_f09g_schematic"},
  {"filename": "sparkfun-connectors_f25_schematic"},
  {"filename": "sparkfun-connectors_icsp-pic_schematic"},
  {"filename": "sparkfun-connectors_ipod_connector_female_schematic"},
  {"filename": "sparkfun-connectors_kent_lcd_conn_schematic"},
  {"filename": "sparkfun-connectors_littlebits_female_schematic"},
  {"filename": "sparkfun-connectors_littlebits_male_schematic"},
  {"filename": "sparkfun-connectors_littlebits_schematic"},
  {"filename": "sparkfun-connectors_m04-1_schematic"},
  {"filename": "sparkfun-connectors_magjack-2_schematic"},
  {"filename": "sparkfun-connectors_magjack-poe_schematic"},
  {"filename": "sparkfun-connectors_magjack_schematic"},
  {"filename": "sparkfun-connectors_microb-plug_schematic"},
  {"filename": "sparkfun-connectors_midi_conn_female_schematic"},
  {"filename": "sparkfun-connectors_mma_con_schematic"},
  {"filename": "sparkfun-connectors_obdii_schematic"},
  {"filename": "sparkfun-connectors_pic-iscp-mini_schematic"},
  {"filename": "sparkfun-connectors_powerjack_schematic"},
  {"filename": "sparkfun-connectors_psp_connector_schematic"},
  {"filename": "sparkfun-connectors_psp_touch_connector_schematic"},
  {"filename": "sparkfun-connectors_rca_schematic"},
  {"filename": "sparkfun-connectors_rj45-8_schematic"},
  {"filename": "sparkfun-connectors_screenkeymatingconnector_schematic"},
  {"filename": "sparkfun-connectors_sdcard-1_schematic"},
  {"filename": "sparkfun-connectors_simholder2_schematic"},
  {"filename": "sparkfun-connectors_simholder3_schematic"},
  {"filename": "sparkfun-connectors_simholder_schematic"},
  {"filename": "sparkfun-connectors_sma_edge_schematic"},
  {"filename": "sparkfun-connectors_smartcard_schematic"},
  {"filename": "sparkfun-connectors_starboard_pad__schematic"},
  {"filename": "sparkfun-connectors_starboard_pad_schematic"},
  {"filename": "sparkfun-connectors_touch-screen_schematic"},
  {"filename": "sparkfun-connectors_u.fl_schematic"},
  {"filename": "sparkfun-connectors_usb-5pin_schematic"},
  {"filename": "sparkfun-connectors_usb_ab_schematic"},
  {"filename": "sparkfun-connectors_usb_schematic"},
  {"filename": "sparkfun-connectors_usb_shield_schematic"},
  {"filename": "sparkfun-connectors_usdcard_schematic"},
  {"filename": "sparkfun-connectors_watn001001_schematic"},
  {"filename": "sparkfun-connectors_xlr3_ncfah2_schematic"},
  {"filename": "sparkfun-connectors_zune_connector_male_schematic"},
  {"filename": "sparkfun-digitalic_23-i_o-2_schematic"},
  {"filename": "sparkfun-digitalic_23-i_o_schematic"},
  {"filename": "sparkfun-digitalic_4vdd4vss_mix_10_schematic"},
  {"filename": "sparkfun-digitalic_74157_mix_11_schematic"},
  {"filename": "sparkfun-digitalic_74595_schematic"},
  {"filename": "sparkfun-digitalic_74act125d_schematic"},
  {"filename": "sparkfun-digitalic_74ahc1g08_schematic"},
  {"filename": "sparkfun-digitalic_74hc04_hex_inverter_schematic"},
  {"filename": "sparkfun-digitalic_74lvc138ad_schematic"},
  {"filename": "sparkfun-digitalic_a6282_schematic"},
  {"filename": "sparkfun-digitalic_at25fs010_schematic"},
  {"filename": "sparkfun-digitalic_at45db041b_schematic"},
  {"filename": "sparkfun-digitalic_at45db161d_schematic"},
  {"filename": "sparkfun-digitalic_atmega128_schematic"},
  {"filename": "sparkfun-digitalic_atmega168_schematic"},
  {"filename": "sparkfun-digitalic_atmega2560_schematic"},
  {"filename": "sparkfun-digitalic_atmega328_schematic"},
  {"filename": "sparkfun-digitalic_atmega32u4_schematic"},
  {"filename": "sparkfun-digitalic_atmega8u2_schematic"},
  {"filename": "sparkfun-digitalic_attiny13_schematic"},
  {"filename": "sparkfun-digitalic_attiny24_schematic"},
  {"filename": "sparkfun-digitalic_buffer-dual_schematic"},
  {"filename": "sparkfun-digitalic_cp2101_schematic"},
  {"filename": "sparkfun-digitalic_cp2103_schematic"},
  {"filename": "sparkfun-digitalic_cy7c64215_schematic"},
  {"filename": "sparkfun-digitalic_dosonchip-ic_schematic"},
  {"filename": "sparkfun-digitalic_dspic30f4011_schematic"},
  {"filename": "sparkfun-digitalic_dspic30f6015_schematic"},
  {"filename": "sparkfun-digitalic_dspic33fj256gp710_power_mix_8_schematic"},
  {"filename": "sparkfun-digitalic_eeprom-i2c_schematic"},
  {"filename": "sparkfun-digitalic_enc28j60_schematic"},
  {"filename": "sparkfun-digitalic_ep2c20_pq208_pll_mix_9_schematic"},
  {"filename": "sparkfun-digitalic_ft2232d_schematic"},
  {"filename": "sparkfun-digitalic_ft232r-basic_schematic"},
  {"filename": "sparkfun-digitalic_ft232r_schematic"},
  {"filename": "sparkfun-digitalic_ft232rq_schematic"},
  {"filename": "sparkfun-digitalic_ft245r_schematic"},
  {"filename": "sparkfun-digitalic_hef4543_schematic"},
  {"filename": "sparkfun-digitalic_icl3232_schematic"},
  {"filename": "sparkfun-digitalic_inverter_schematic"},
  {"filename": "sparkfun-digitalic_inverting_schmitt_trigger_schematic"},
  {"filename": "sparkfun-digitalic_isd1932_schematic"},
  {"filename": "sparkfun-digitalic_lpc2103_schematic"},
  {"filename": "sparkfun-digitalic_lpc213x_schematic"},
  {"filename": "sparkfun-digitalic_m74hc238_schematic"},
  {"filename": "sparkfun-digitalic_m74hc4050_schematic"},
  {"filename": "sparkfun-digitalic_m93c46_schematic"},
  {"filename": "sparkfun-digitalic_max232_schematic"},
  {"filename": "sparkfun-digitalic_max3421e-1_schematic"},
  {"filename": "sparkfun-digitalic_max485_schematic"},
  {"filename": "sparkfun-digitalic_max7219_schematic"},
  {"filename": "sparkfun-digitalic_max7456_schematic"},
  {"filename": "sparkfun-digitalic_mbed_nxp_lpc1768_schematic"},
  {"filename": "sparkfun-digitalic_mc9s12xs64_schematic"},
  {"filename": "sparkfun-digitalic_mcp130_schematic"},
  {"filename": "sparkfun-digitalic_mcp2551_schematic"},
  {"filename": "sparkfun-digitalic_nand256_schematic"},
  {"filename": "sparkfun-digitalic_ncp303lsn09_schematic"},
  {"filename": "sparkfun-digitalic_or-single_schematic"},
  {"filename": "sparkfun-digitalic_pca9306_schematic"},
  {"filename": "sparkfun-digitalic_pcf8575c_schematic"},
  {"filename": "sparkfun-digitalic_pic16f688_schematic"},
  {"filename": "sparkfun-digitalic_pic16f88-dip_schematic"},
  {"filename": "sparkfun-digitalic_pic16f88-ssop_schematic"},
  {"filename": "sparkfun-digitalic_pic16f883_schematic"},
  {"filename": "sparkfun-digitalic_pic16f913_schematic"},
  {"filename": "sparkfun-digitalic_pic18f2550_schematic"},
  {"filename": "sparkfun-digitalic_pic24fjxxxdax06_schematic"},
  {"filename": "sparkfun-digitalic_pic24hj32gp202_schematic"},
  {"filename": "sparkfun-digitalic_pic32mx440f512h_schematic"},
  {"filename": "sparkfun-digitalic_pl-2303xa_schematic"},
  {"filename": "sparkfun-digitalic_rs485_schematic"},
  {"filename": "sparkfun-digitalic_rs485_sp491_schematic"},
  {"filename": "sparkfun-digitalic_sc16is750_schematic"},
  {"filename": "sparkfun-digitalic_sn74hc251_schematic"},
  {"filename": "sparkfun-digitalic_sn74lvc1g08_schematic"},
  {"filename": "sparkfun-digitalic_speakjet_schematic"},
  {"filename": "sparkfun-digitalic_spi_flash_schematic"},
  {"filename": "sparkfun-digitalic_stm811_schematic"},
  {"filename": "sparkfun-digitalic_stn1110-qfn_schematic"},
  {"filename": "sparkfun-digitalic_stp16cp05_a6282_schematic"},
  {"filename": "sparkfun-digitalic_stw5093_schematic"},
  {"filename": "sparkfun-digitalic_tc7su04f_schematic"},
  {"filename": "sparkfun-digitalic_tja1040td-t_schematic"},
  {"filename": "sparkfun-digitalic_tlc5940_schematic"},
  {"filename": "sparkfun-digitalic_ubw32_pic32mx4xxl_schematic"},
  {"filename": "sparkfun-digitalic_um-fpu_v3_1_schematic"},
  {"filename": "sparkfun-digitalic_usb3318_schematic"},
  {"filename": "sparkfun-digitalic_vs1000_schematic"},
  {"filename": "sparkfun-digitalic_vs1002_schematic"},
  {"filename": "sparkfun-digitalic_vs1033d_schematic"},
  {"filename": "sparkfun-digitalic_vs1103_schematic"},
  {"filename": "sparkfun-digitalic_w5100_schematic"},
  {"filename": "sparkfun-digitalic_ws2801_schematic"},
  {"filename": "sparkfun-digitalic_wtv020sd-20s_schematic"},
  {"filename": "sparkfun-digitalic_xc3s250_500e-pq208_schematic"},
  {"filename": "sparkfun-digitalic_xmega-a3b_schematic"},
  {"filename": "sparkfun-digitalic_xmega_schematic"},
  {"filename": "sparkfun-digitalic_xr2206_schematic"},
  {"filename": "sparkfun-digitalic_xs1-l1-64lqfp_schematic"},
  {"filename": "sparkfun-discretesemi_bav99_schematic"},
  {"filename": "sparkfun-discretesemi_cnz1120_schematic"},
  {"filename": "sparkfun-discretesemi_diode-schottky_schematic"},
  {"filename": "sparkfun-discretesemi_diode-zener_schematic"},
  {"filename": "sparkfun-discretesemi_diode_schematic"},
  {"filename": "sparkfun-discretesemi_gp1a57hr_schematic"},
  {"filename": "sparkfun-discretesemi_ild213t_schematic"},
  {"filename": "sparkfun-discretesemi_irf7507_schematic"},
  {"filename": "sparkfun-discretesemi_irf9410_schematic"},
  {"filename": "sparkfun-discretesemi_moc3031-m_schematic"},
  {"filename": "sparkfun-discretesemi_mosfet-nchannel-1_schematic"},
  {"filename": "sparkfun-discretesemi_mosfet-pchannel_schematic"},
  {"filename": "sparkfun-discretesemi_nds8434-1_schematic"},
  {"filename": "sparkfun-discretesemi_nds8434_schematic"},
  {"filename": "sparkfun-discretesemi_npn_mix_13_schematic"},
  {"filename": "sparkfun-discretesemi_npn_schematic"},
  {"filename": "sparkfun-discretesemi_opto_darlington_6n138-39_schematic"},
  {"filename": "sparkfun-discretesemi_pnp_mix_12_schematic"},
  {"filename": "sparkfun-discretesemi_pnp_schematic"},
  {"filename": "sparkfun-discretesemi_schottky_bridge_schematic"},
  {"filename": "sparkfun-discretesemi_tcmt1103_schematic"},
  {"filename": "sparkfun-discretesemi_triac_schematic"},
  {"filename": "sparkfun-discretesemi_tvs_schematic"},
  {"filename": "sparkfun-discretesemi_v18za2p_schematic"},
  {"filename": "sparkfun-discretesemi_varistor_schematic"},
  {"filename": "sparkfun-discretesemi_xn04312_schematic"},
  {"filename": "sparkfun-displays_7-segment-1__schematic"},
  {"filename": "sparkfun-displays_7-segment-4digit-youngsun_schematic"},
  {"filename": "sparkfun-displays_7-segment-4digit_schematic"},
  {"filename": "sparkfun-displays_7-segment-display_schematic"},
  {"filename": "sparkfun-displays_alphanumeric_schematic"},
  {"filename": "sparkfun-displays_lcd-16x2_schematic"},
  {"filename": "sparkfun-displays_lcd-g12864_schematic"},
  {"filename": "sparkfun-displays_lcd_backlight_pads_schematic"},
  {"filename": "sparkfun-displays_lcd_cfax_schematic"},
  {"filename": "sparkfun-displays_nokia6100_lcd_schematic"},
  {"filename": "sparkfun-electromechanical_6400gb_heatsink_schematic"},
  {"filename": "sparkfun-electromechanical_ayz0202_schematic"},
  {"filename": "sparkfun-electromechanical_battery-2_schematic"},
  {"filename": "sparkfun-electromechanical_battery_schematic"},
  {"filename": "sparkfun-electromechanical_button-conductive_schematic"},
  {"filename": "sparkfun-electromechanical_buttonpad_1led_mix_15_schematic"},
  {"filename": "sparkfun-electromechanical_buttonpad_single_mix_14_schematic"},
  {"filename": "sparkfun-electromechanical_buttonpad_single_mix_16_schematic"},
  {"filename": "sparkfun-electromechanical_buzzer_schematic"},
  {"filename": "sparkfun-electromechanical_capsense_pad_schematic"},
  {"filename": "sparkfun-electromechanical_encoder-quadrature_schematic"},
  {"filename": "sparkfun-electromechanical_encoder_led_2-1_schematic"},
  {"filename": "sparkfun-electromechanical_encoder_led_3_ca_schematic"},
  {"filename": "sparkfun-electromechanical_fkit-battery_schematic"},
  {"filename": "sparkfun-electromechanical_fkit-connector_cond_03_schematic"},
  {"filename": "sparkfun-electromechanical_fkit-snap_connector_schematic"},
  {"filename": "sparkfun-electromechanical_g3vm-61e1_schematic"},
  {"filename": "sparkfun-electromechanical_joystick-psp1000_schematic"},
  {"filename": "sparkfun-electromechanical_joystick_mini_schematic"},
  {"filename": "sparkfun-electromechanical_joystick_schematic"},
  {"filename": "sparkfun-electromechanical_magnet_schematic"},
  {"filename": "sparkfun-electromechanical_motor_schematic"},
  {"filename": "sparkfun-electromechanical_n35p112_schematic"},
  {"filename": "sparkfun-electromechanical_nav_switch_schematic"},
  {"filename": "sparkfun-electromechanical_pot_mix_17_schematic"},
  {"filename": "sparkfun-electromechanical_pot_schematic"},
  {"filename": "sparkfun-electromechanical_relay-solidstate_schematic"},
  {"filename": "sparkfun-electromechanical_relay-spdt-2_schematic"},
  {"filename": "sparkfun-electromechanical_relay-spdt_schematic"},
  {"filename": "sparkfun-electromechanical_sewtap_schematic"},
  {"filename": "sparkfun-electromechanical_speaker_schematic"},
  {"filename": "sparkfun-electromechanical_spst_schematic"},
  {"filename": "sparkfun-electromechanical_stand-off_schematic"},
  {"filename": "sparkfun-electromechanical_sw_dip-2_schematic"},
  {"filename": "sparkfun-electromechanical_sw_dip-8_schematic"},
  {"filename": "sparkfun-electromechanical_sw_spdt_schematic"},
  {"filename": "sparkfun-electromechanical_switch-4pdt_schematic"},
  {"filename": "sparkfun-electromechanical_switch-momentary-2_schematic"},
  {"filename": "sparkfun-electromechanical_switch-momentary_schematic"},
  {"filename": "sparkfun-electromechanical_switch-sp3t_schematic"},
  {"filename": "sparkfun-electromechanical_toggle_schematic"},
  {"filename": "sparkfun-electromechanical_trackball_schematic"},
  {"filename": "sparkfun-electromechanical_trimpot-1_schematic"},
  {"filename": "sparkfun-electromechanical_turret_schematic"},
  {"filename": "sparkfun-freqctrl_ds1077_schematic"},
  {"filename": "sparkfun-freqctrl_ds1307_schematic"},
  {"filename": "sparkfun-freqctrl_ds3234_schematic"},
  {"filename": "sparkfun-freqctrl_oscillator_schematic"},
  {"filename": "sparkfun-freqctrl_q_schematic"},
  {"filename": "sparkfun-freqctrl_resonator_nocap_schematic"},
  {"filename": "sparkfun-freqctrl_resonator_schematic"},
  {"filename": "sparkfun-freqctrl_sit8002_schematic"},
  {"filename": "sparkfun-led_apa3010sf4c_schematic"},
  {"filename": "sparkfun-led_led-tricolorsmd_schematic"},
  {"filename": "sparkfun-led_led_bargraph_10_mix_18_schematic"},
  {"filename": "sparkfun-led_led_ring_schematic"},
  {"filename": "sparkfun-led_led_schematic"},
  {"filename": "sparkfun-led_lightpipe-7511_schematic"},
  {"filename": "sparkfun-led_lte-302_schematic"},
  {"filename": "sparkfun-led_luxeon_schematic"},
  {"filename": "sparkfun-passives_cap_adj_schematic"},
  {"filename": "sparkfun-passives_cap_pol_schematic"},
  {"filename": "sparkfun-passives_cap_schematic"},
  {"filename": "sparkfun-passives_fb_schematic"},
  {"filename": "sparkfun-passives_fuse_schematic"},
  {"filename": "sparkfun-passives_gnd_connect_schematic"},
  {"filename": "sparkfun-passives_inductor_schematic"},
  {"filename": "sparkfun-passives_jumper-2_schematic"},
  {"filename": "sparkfun-passives_jumper-3_schematic"},
  {"filename": "sparkfun-passives_resistor-1_mix_19_schematic"},
  {"filename": "sparkfun-passives_resistor_schematic"},
  {"filename": "sparkfun-passives_rpack-bussed-5_schematic"},
  {"filename": "sparkfun-passives_sj_2_schematic"},
  {"filename": "sparkfun-passives_sj_schematic"},
  {"filename": "sparkfun-passives_test-point_schematic"},
  {"filename": "sparkfun-poweric_78adj-2_schematic"},
  {"filename": "sparkfun-poweric_78adj-3_schematic"},
  {"filename": "sparkfun-poweric_78adj_schematic"},
  {"filename": "sparkfun-poweric_78xx_schematic"},
  {"filename": "sparkfun-poweric_a4983_schematic"},
  {"filename": "sparkfun-poweric_adm1087_schematic"},
  {"filename": "sparkfun-poweric_bd10ka5wf-e2_schematic"},
  {"filename": "sparkfun-poweric_bq24022_schematic"},
  {"filename": "sparkfun-poweric_dc-dc_converter_schematic"},
  {"filename": "sparkfun-poweric_hv826mg_backlight_schematic"},
  {"filename": "sparkfun-poweric_l298_bridge_driver_schematic"},
  {"filename": "sparkfun-poweric_l298_schematic"},
  {"filename": "sparkfun-poweric_l6470_schematic"},
  {"filename": "sparkfun-poweric_lm2621_schematic"},
  {"filename": "sparkfun-poweric_lm2931_fixed_schematic"},
  {"filename": "sparkfun-poweric_lm2931_schematic"},
  {"filename": "sparkfun-poweric_lm3480im4_schematic"},
  {"filename": "sparkfun-poweric_lm4128-2.5vref_schematic"},
  {"filename": "sparkfun-poweric_lm4871_schematic"},
  {"filename": "sparkfun-poweric_lm5007_schematic"},
  {"filename": "sparkfun-poweric_lm5574_schematic"},
  {"filename": "sparkfun-poweric_lmd1820x_schematic"},
  {"filename": "sparkfun-poweric_lmz14203_schematic"},
  {"filename": "sparkfun-poweric_lt1528_schematic"},
  {"filename": "sparkfun-poweric_ltc3588_schematic"},
  {"filename": "sparkfun-poweric_max1555_schematic"},
  {"filename": "sparkfun-poweric_max1704x_schematic"},
  {"filename": "sparkfun-poweric_max98300_schematic"},
  {"filename": "sparkfun-poweric_max98306_schematic"},
  {"filename": "sparkfun-poweric_mc34063_schematic"},
  {"filename": "sparkfun-poweric_mcp73831_schematic"},
  {"filename": "sparkfun-poweric_mcp73833_schematic"},
  {"filename": "sparkfun-poweric_mcp73842_schematic"},
  {"filename": "sparkfun-poweric_mic2571-1_schematic"},
  {"filename": "sparkfun-poweric_mic5216-1_schematic"},
  {"filename": "sparkfun-poweric_ncp1400_schematic"},
  {"filename": "sparkfun-poweric_njm2670_schematic"},
  {"filename": "sparkfun-poweric_pq1cy1032z_schematic"},
  {"filename": "sparkfun-poweric_ptc_schematic"},
  {"filename": "sparkfun-poweric_spx29300_schematic"},
  {"filename": "sparkfun-poweric_sta540_schematic"},
  {"filename": "sparkfun-poweric_tb6612fng_schematic"},
  {"filename": "sparkfun-poweric_tps61040_schematic"},
  {"filename": "sparkfun-poweric_tps61200_schematic"},
  {"filename": "sparkfun-poweric_tps6211__schematic"},
  {"filename": "sparkfun-poweric_tps62143_schematic"},
  {"filename": "sparkfun-poweric_tps76433dbvt_schematic"},
  {"filename": "sparkfun-poweric_transformer_schematic"},
  {"filename": "sparkfun-poweric_uln2803_schematic"},
  {"filename": "sparkfun-poweric_v-reg-ldo-adj_schematic"},
  {"filename": "sparkfun-poweric_v-reg-ldo_schematic"},
  {"filename": "sparkfun-poweric_vnh2sp30_schematic"},
  {"filename": "sparkfun-poweric_zxld1360_schematic"},
  {"filename": "sparkfun-rf_alm-1412_schematic"},
  {"filename": "sparkfun-rf_antenna2_schematic"},
  {"filename": "sparkfun-rf_antenna_schematic"},
  {"filename": "sparkfun-rf_atmega128rfa1_schematic"},
  {"filename": "sparkfun-rf_balun_schematic"},
  {"filename": "sparkfun-rf_bgb203_bluetooth_schematic"},
  {"filename": "sparkfun-rf_blueradio_br-c40a_schematic"},
  {"filename": "sparkfun-rf_blueradio_br-c40n_schematic"},
  {"filename": "sparkfun-rf_btm182_schematic"},
  {"filename": "sparkfun-rf_copernicus-dip_schematic"},
  {"filename": "sparkfun-rf_copernicus_schematic"},
  {"filename": "sparkfun-rf_d2523t_schematic"},
  {"filename": "sparkfun-rf_em406_outline_schematic"},
  {"filename": "sparkfun-rf_em408_outline_schematic"},
  {"filename": "sparkfun-rf_emb001_schematic"},
  {"filename": "sparkfun-rf_et312_schematic"},
  {"filename": "sparkfun-rf_ge863_schematic"},
  {"filename": "sparkfun-rf_ge864_schematic"},
  {"filename": "sparkfun-rf_ge865_2_schematic"},
  {"filename": "sparkfun-rf_ge865_schematic"},
  {"filename": "sparkfun-rf_gm862_schematic"},
  {"filename": "sparkfun-rf_gp-2106_schematic"},
  {"filename": "sparkfun-rf_gr-10_schematic"},
  {"filename": "sparkfun-rf_gs1011_schematic"},
  {"filename": "sparkfun-rf_gs406smd_schematic"},
  {"filename": "sparkfun-rf_id-12_schematic"},
  {"filename": "sparkfun-rf_lassen_iq_gps_schematic"},
  {"filename": "sparkfun-rf_ls20126_schematic"},
  {"filename": "sparkfun-rf_mirf_schematic"},
  {"filename": "sparkfun-rf_mlx90121_schematic"},
  {"filename": "sparkfun-rf_mn5010hs_schematic"},
  {"filename": "sparkfun-rf_nrf2401a_schematic"},
  {"filename": "sparkfun-rf_nrf24ap1_schematic"},
  {"filename": "sparkfun-rf_nrf24l01-1_schematic"},
  {"filename": "sparkfun-rf_nrf24le1_schematic"},
  {"filename": "sparkfun-rf_nrf24lu1_schematic"},
  {"filename": "sparkfun-rf_nrf24z1_schematic"},
  {"filename": "sparkfun-rf_ns73m_schematic"},
  {"filename": "sparkfun-rf_rf-link_rx_schematic"},
  {"filename": "sparkfun-rf_rf-link_tx_schematic"},
  {"filename": "sparkfun-rf_rf24g_schematic"},
  {"filename": "sparkfun-rf_rfm22_schematic"},
  {"filename": "sparkfun-rf_rmcm01_schematic"},
  {"filename": "sparkfun-rf_rn-131g_schematic"},
  {"filename": "sparkfun-rf_rn171_schematic"},
  {"filename": "sparkfun-rf_rn41_schematic"},
  {"filename": "sparkfun-rf_rs9110-n-11-22_schematic"},
  {"filename": "sparkfun-rf_si4700_01-gm_schematic"},
  {"filename": "sparkfun-rf_si470x_schematic"},
  {"filename": "sparkfun-rf_sm130_schematic"},
  {"filename": "sparkfun-rf_sm5100b_schematic"},
  {"filename": "sparkfun-rf_sma661as_schematic"},
  {"filename": "sparkfun-rf_sup500f_schematic"},
  {"filename": "sparkfun-rf_tfm-511_schematic"},
  {"filename": "sparkfun-rf_trf-24g_schematic"},
  {"filename": "sparkfun-rf_venus634flpx_schematic"},
  {"filename": "sparkfun-rf_venus638flpx-l_schematic"},
  {"filename": "sparkfun-rf_wifly_gsx_schematic"},
  {"filename": "sparkfun-rf_wlanmodule_schematic"},
  {"filename": "sparkfun-rf_wt32_schematic"},
  {"filename": "sparkfun-rf_xbee-1_schematic"},
  {"filename": "sparkfun-rf_xtend-digi-modem_schematic"},
  {"filename": "sparkfun-rf_zg2100m_schematic"},
  {"filename": "sparkfun-sensors_admp401_schematic"},
  {"filename": "sparkfun-sensors_admp421_schematic"},
  {"filename": "sparkfun-sensors_adns2610_schematic"},
  {"filename": "sparkfun-sensors_adxl180_schematic"},
  {"filename": "sparkfun-sensors_adxl193_schematic"},
  {"filename": "sparkfun-sensors_adxl330_schematic"},
  {"filename": "sparkfun-sensors_adxl335_schematic"},
  {"filename": "sparkfun-sensors_adxl345_schematic"},
  {"filename": "sparkfun-sensors_adxrs_schematic"},
  {"filename": "sparkfun-sensors_at42qt1012_schematic"},
  {"filename": "sparkfun-sensors_bma180_schematic"},
  {"filename": "sparkfun-sensors_bmp085_schematic"},
  {"filename": "sparkfun-sensors_buzzer_schematic"},
  {"filename": "sparkfun-sensors_camera_cmos_con_schematic"},
  {"filename": "sparkfun-sensors_camera_sfv24r-2st_schematic"},
  {"filename": "sparkfun-sensors_cma3000-a01_schematic"},
  {"filename": "sparkfun-sensors_cma3000-d01_schematic"},
  {"filename": "sparkfun-sensors_dcm01_schematic"},
  {"filename": "sparkfun-sensors_fc30_schematic"},
  {"filename": "sparkfun-sensors_geiger_tube-1_schematic"},
  {"filename": "sparkfun-sensors_hall-effect_schematic"},
  {"filename": "sparkfun-sensors_hdjd-s822-qr999_schematic"},
  {"filename": "sparkfun-sensors_hih-4030_schematic"},
  {"filename": "sparkfun-sensors_hmc1041z_schematic"},
  {"filename": "sparkfun-sensors_hmc1051z_schematic"},
  {"filename": "sparkfun-sensors_hmc1052l_schematic"},
  {"filename": "sparkfun-sensors_hmc5843_schematic"},
  {"filename": "sparkfun-sensors_hmc5883l_schematic"},
  {"filename": "sparkfun-sensors_hmc6042_schematic"},
  {"filename": "sparkfun-sensors_hmc6343_schematic"},
  {"filename": "sparkfun-sensors_hmc6352_schematic"},
  {"filename": "sparkfun-sensors_idg1215_schematic"},
  {"filename": "sparkfun-sensors_idg300_schematic"},
  {"filename": "sparkfun-sensors_idg500-1_schematic"},
  {"filename": "sparkfun-sensors_imu3000_schematic"},
  {"filename": "sparkfun-sensors_isl29102_schematic"},
  {"filename": "sparkfun-sensors_isz-500_schematic"},
  {"filename": "sparkfun-sensors_itg-3200_schematic"},
  {"filename": "sparkfun-sensors_ixz500_schematic"},
  {"filename": "sparkfun-sensors_l3g4200d_schematic"},
  {"filename": "sparkfun-sensors_lis302dl_schematic"},
  {"filename": "sparkfun-sensors_lis331-1_schematic"},
  {"filename": "sparkfun-sensors_lis3lv02dq_schematic"},
  {"filename": "sparkfun-sensors_lisy300al_schematic"},
  {"filename": "sparkfun-sensors_lm34_schematic"},
  {"filename": "sparkfun-sensors_load_cell_schematic"},
  {"filename": "sparkfun-sensors_lsm303dlh_schematic"},
  {"filename": "sparkfun-sensors_ltr-301_schematic"},
  {"filename": "sparkfun-sensors_ly530al_schematic"},
  {"filename": "sparkfun-sensors_lypr540ah_schematic"},
  {"filename": "sparkfun-sensors_mag3110_schematic"},
  {"filename": "sparkfun-sensors_mcp9700_schematic"},
  {"filename": "sparkfun-sensors_mlx90609_schematic"},
  {"filename": "sparkfun-sensors_mlx90614_schematic"},
  {"filename": "sparkfun-sensors_mma7260_schematic"},
  {"filename": "sparkfun-sensors_mma7361_schematic"},
  {"filename": "sparkfun-sensors_mma8452q_schematic"},
  {"filename": "sparkfun-sensors_mpl115a_schematic"},
  {"filename": "sparkfun-sensors_mpl3115a2_schematic"},
  {"filename": "sparkfun-sensors_mpr121_schematic"},
  {"filename": "sparkfun-sensors_mq-3_schematic"},
  {"filename": "sparkfun-sensors_os4000-t_schematic"},
  {"filename": "sparkfun-sensors_photocell_schematic"},
  {"filename": "sparkfun-sensors_qrd1114_schematic"},
  {"filename": "sparkfun-sensors_qre1113_schematic"},
  {"filename": "sparkfun-sensors_sca1000_schematic"},
  {"filename": "sparkfun-sensors_sca3000_schematic"},
  {"filename": "sparkfun-sensors_scp1000_d01_schematic"},
  {"filename": "sparkfun-sensors_sht1x_schematic"},
  {"filename": "sparkfun-sensors_si1120_schematic"},
  {"filename": "sparkfun-sensors_solarcell_single_schematic"},
  {"filename": "sparkfun-sensors_spm0204ud5_schematic"},
  {"filename": "sparkfun-sensors_st-gyro-pr_schematic"},
  {"filename": "sparkfun-sensors_st-gyro-py_schematic"},
  {"filename": "sparkfun-sensors_tcm8240md_schematic"},
  {"filename": "sparkfun-sensors_temperature-sensor_schematic"},
  {"filename": "sparkfun-sensors_temt6000-sen_schematic"},
  {"filename": "sparkfun-sensors_tmp102_schematic"},
  {"filename": "sparkfun-sensors_tmp36_schematic"},
  {"filename": "sparkfun-sensors_touch_schematic"},
  {"filename": "sparkfun-sensors_tsop8523_schematic"},
  {"filename": "sparkfun-sensors_vcnl4000_schematic"},
  {"filename": "spdt-switch"},
  {"filename": "SSOP16_schematic"},
  {"filename": "SSOP20_schematic"},
  {"filename": "SSOP24_schematic"},
  {"filename": "SSOP28DB_schematic"},
  {"filename": "SSOP48_schematic"},
  {"filename": "Stepper_Motor_-_Bipolar__schematic"},
  {"filename": "Stepper_Motor_-_Unipolar__schematic"},
  {"filename": "stereo-jack-3_5mm"},
  {"filename": "STM32F103_schematic"},
  {"filename": "Teensy_2.0_++_schematic"},
  {"filename": "Teensy_2.0_schematic"},
  {"filename": "Teensy_3.0+pads_schematic"},
  {"filename": "Teensy_3.0_schematic"},
  {"filename": "TEMT6000_Breakout-v12_schematic"},
  {"filename": "thermalprinter_schematic"},
  {"filename": "thermistor"},
  {"filename": "TI_Launchpad_MSP430G2_schematic"},
  {"filename": "tilt_switch"},
  {"filename": "TMP102_Breakout-v11_schematic"},
  {"filename": "tmp36_schem"},
  {"filename": "Touch_Shield-v11_schematic"},
  {"filename": "TQFP32-5MM_schematic"},
  {"filename": "Trackballer-v12_schematic"},
  {"filename": "Tricolor-LED v16_schematic"},
  {"filename": "tsop312_schematic"},
  {"filename": "ULN2003A_schematic"},
  {"filename": "ULN2803A_schematic"},
  {"filename": "uM_FPUv2_schematic"},
  {"filename": "uM_FPUv3_schematic"},
  {"filename": "usb_connector"},
  {"filename": "USBHostShield-v13_schematic"},
  {"filename": "voltage_regulator_5v"},
  {"filename": "voltage_regulator_7833"},
  {"filename": "voltage_regulator_LM317"},
  {"filename": "WiFly_Shield-v17_schematic"},
  {"filename": "Wireless_SD_v3_schematic"},
  {"filename": "Wiring_Sa99"},
  {"filename": "WIZ820io_schematic"},
  {"filename": "XBee-Regulated-v12_schematic"},
  {"filename": "xbee"},
  {"filename": "xbeeshield-v13_schematic"}
]